"lambdaMainC[1]" "lambdaMainC[2]" "lambdaMainC[3]" "lambdaMainC[4]" "lambdaMainC[5]" "lambdaMainC[6]" "lambdaCrossC[1]" "lambdaCrossC[2]" "lambdaCrossC[3]" "lambdaCrossC[4]" "lambdaCrossC[5]" "lambdaCrossC[6]" "PsiC[1,2]" "theta[1]" "theta[2]" "theta[3]" "theta[4]" "theta[5]" "theta[6]" "parameter" "maxTree" "sumDiv" "prior" "sigma" "N" "cross" "iteration"
59.1324125799852 183.891269963072 110.068404351495 22.8211593837267 75.4797693815174 21.6301023623128 12.2374068485852 96.7380982231339 94.2728592613811 59.9495167173334 164.03982815719 62.0501092192276 10.3268009243094 43.9558026045223 97.4375410822034 92.5921791398416 33.5876099589837 70.0869288159173 28.7960555962938 "n_eff" 6 0 "SVNP" 0.1 100 0.5 1
1.04882266676924 0.99100616773614 0.988547740017307 1.08051241333849 0.980974413767588 1.08625664523641 1.18488293569222 1.02607619178843 1.00248058463888 1.06462017130137 0.986449757235361 1.00661430977064 1.25867965035674 1.04496981201664 1.01376294312184 0.994582714204498 1.00208250452228 0.990958385281693 1.07133390920718 "Rhat" 6 0 "SVNP" 0.1 100 0.5 1
128.575923330145 199.457285701119 75.7415599040864 72.7807660848643 97.7404231547701 70.7152361370119 92.3450957992438 129.438320915999 72.8855683391171 95.0190051150506 78.9496516883753 60.3931738497758 17.2180056526199 41.8221754460293 96.3835475483505 105.578135337597 38.6496081011729 172.751299694028 160.610958010422 "n_eff" 6 0 "SVNP" 0.1 100 0.5 2
0.988577386121078 0.997006910105083 1.0047872279565 0.981379556479793 0.99667605303629 1.0181335102593 0.991056689366294 0.993498186718194 1.01751517293366 0.987033893198136 1.02659306993593 1.00242756102456 1.16288056830402 1.03112159279931 0.9890572275164 0.991572753563035 1.04083572743176 1.00485687138585 1.00772855055457 "Rhat" 6 0 "SVNP" 0.1 100 0.5 2
61.7703334965057 102.987720430311 52.6147608465039 33.6802349382635 96.098088497752 96.9087296746015 31.0584036894655 104.690860070472 99.3640140929931 114.225017248304 140.738702971371 62.9635004514373 12.2188781791774 11.3218550686242 67.0606002261686 32.7337380609365 26.2432509791503 35.5076280864257 86.6451506839455 "n_eff" 6 0 "SVNP" 0.1 100 0.5 3
1.01153125384367 1.00048890314847 1.02206144848621 0.99896102095687 1.00709334562666 1.00948733852725 1.04832242957738 0.991477251164507 1.03927853416707 0.984324276325813 1.0021415807963 0.99876035600137 1.28446268954954 1.10012415675891 1.00288378410363 1.03748821316944 1.03088066902755 1.06028437921889 0.990504734054054 "Rhat" 6 0 "SVNP" 0.1 100 0.5 3
118.166300166611 88.1171246579652 26.9871584727676 29.6724120441931 76.0307799141159 146.512314874706 15.8803139171632 70.6133580570659 102.260291707088 128.499660746044 114.575638859499 28.3898313052037 17.5402351658414 74.2712049465336 52.612877358212 77.8975492359176 53.1025954636017 34.5922547370741 181.000214491488 "n_eff" 6 0 "SVNP" 0.1 100 0.5 4
0.983255477039015 1.00081860324172 1.05764605596597 1.0848879690549 0.988715009658281 1.00990336293798 1.12232881844489 0.999155148324158 0.997526887167414 0.98400172333097 0.992564899570118 1.05597944595425 1.18436720905954 1.02159609898761 0.989498474738254 1.01501282502689 1.0215243286155 1.06064748629162 0.991973320365415 "Rhat" 6 0 "SVNP" 0.1 100 0.5 4
131.315811708037 164.405507489081 70.847638425322 166.806705300868 200 101.788639382898 164.651217029235 200 60.1172223056292 133.198156653068 200 91.9020161126885 19.5297119146121 139.42078332767 124.869791064881 66.5571854624648 57.5155649988644 200 113.591839158618 "n_eff" 6 0 "SVNP" 0.1 100 0.5 5
0.996685573570109 0.985332846466852 1.00326211540404 0.982265852248452 0.980970893102325 1.00396955987525 0.986869154722064 0.98497724106504 1.01513651190012 0.988693302750093 0.992779555518321 1.03111033512649 1.06875460218287 0.983509107957653 0.984587869035527 0.998249833913626 0.999852923888319 0.994098355780928 1.00639208456653 "Rhat" 6 0 "SVNP" 0.1 100 0.5 5
110.841586222286 41.0848655778793 96.0599653946584 33.3227780093757 29.5238074991317 61.4868223357496 20.4956507866765 118.803119160626 78.9286031847855 79.9630813206151 111.755600656258 102.13969416169 13.4052423195388 62.2164513204233 29.6588505581443 182.736671440853 87.5612445694118 12.5474045132902 167.087532638047 "n_eff" 6 0 "SVNP" 0.1 100 0.2 1
0.987569516609378 1.03732777672309 0.990624090606803 1.05008747652483 1.06633781667369 0.990104890573638 1.06416099067623 0.988753328004268 1.00229049363073 0.985078995986898 0.98724895726108 1.00278528083198 1.13555987937783 1.03021572658427 1.06856104605002 0.997120722395714 1.01681426830307 1.167332331148 0.997433051822253 "Rhat" 6 0 "SVNP" 0.1 100 0.2 1
105.963670182846 93.9620452122663 150.352851657526 25.1597925651476 62.4385945101363 105.261835764975 33.2598046332434 77.3025014541246 76.7545427712855 75.2097666470863 165.90832222745 119.607681962219 7.74281900182823 68.9044792468659 38.404107996068 109.612679419529 54.7980711089567 15.0599770616716 112.082905724706 "n_eff" 6 0 "SVNP" 0.1 100 0.2 2
0.984488484842191 0.986532608695717 1.0009871567428 1.07065716902729 0.996055624666456 1.02195080118077 1.00805159980722 0.983399129052718 1.01956178077894 1.01489393721042 0.980987977334476 0.993681720153891 1.12106576046978 0.983960068989056 1.0241438331898 1.04644862357381 1.02223855833499 1.06529777739754 1.00963124537636 "Rhat" 6 0 "SVNP" 0.1 100 0.2 2
75.2559552963534 34.2096340008816 72.0888635862948 119.367656589592 124.256520238296 34.6499093639055 86.8304717409252 61.0173449682163 77.5365127798922 68.4284446822799 54.6009909121559 98.7144099778297 64.8848004962094 100.647106486208 26.9786048296923 81.079309915982 52.5066501424019 58.8972120476803 8.71029681671022 "n_eff" 6 0 "SVNP" 0.1 100 0.2 3
1.04069933428312 1.02232283907767 0.99447446024074 0.9938405813889 0.998259997110765 1.03076498009056 0.989457898787755 1.0151315404621 0.986145158371694 1.00714160479103 1.00341017885752 0.993196536653676 1.00855455755089 1.00308642428318 1.09629633562676 1.00559064259825 1.03366182398665 0.993112507031159 1.21032670334426 "Rhat" 6 0 "SVNP" 0.1 100 0.2 3
55.6128177294621 45.4923536980123 124.739387862886 19.712003909887 48.240612924774 63.3820287439891 18.5877028089777 103.022623353432 44.0418071676846 123.281090591713 68.6587703861472 78.3367322352658 33.8094782507062 38.0174732564782 27.6394882411732 160.626004096573 79.3980940816776 26.2019268763638 15.4346868026368 "n_eff" 6 0 "SVNP" 0.1 100 0.2 4
0.985648359967876 0.999673048300514 1.0166051214537 1.05119692308872 1.02006586767649 1.00604498774051 1.09628598890664 1.00643893318327 1.00150235652594 1.00536641918199 1.00739365499009 1.03363768845404 1.03094179675468 0.995766226444219 1.01806594696489 0.995937834927389 1.00083514917411 1.09735560919259 1.11014778927124 "Rhat" 6 0 "SVNP" 0.1 100 0.2 4
53.9005605127971 16.8261413453625 127.323249758502 32.6824344291566 103.772709353305 77.1525858770792 19.5671666646097 95.5429373657422 51.1868058383565 85.7206161162085 14.2783063568947 31.2280154114623 6.44879847394975 101.831920672416 18.9757618283422 48.828539662152 30.1453471399218 123.349866885038 32.1840261873023 "n_eff" 6 0 "SVNP" 0.1 100 0.2 5
0.996563085172242 1.04034812090714 0.990904457165908 0.981832086241277 0.988503820760019 1.00515912172935 1.03218113829077 0.997501022171266 1.04180519680618 1.01048111662854 1.06825172700461 1.01973422647872 1.25866669123286 1.00545999709856 1.01024706695544 0.99591941302999 1.00438900205415 0.988387164850537 1.0246656791254 "Rhat" 6 0 "SVNP" 0.1 100 0.2 5
114.882377590933 80.7355678505667 95.793058114076 65.6148017401245 50.2622783111657 108.422781199131 77.770072157807 55.3218198184253 82.8090822950671 126.145386517388 61.7074945210843 97.0102102884066 9.68704871299537 80.8495528060949 72.4685968423914 82.2853074480109 49.4755482962575 87.1999030157307 110.728085666762 "n_eff" 6 0 "SVNP" 0.0316227766016838 100 0.5 1
0.999687907227708 0.980855294527862 1.00301979762011 1.04423385999169 1.03866653490721 0.982890932693298 0.993529026891999 0.998971325322307 1.00796593278666 1.00626865917455 1.0136464442688 1.00954779017657 1.27701861163078 0.99084761737883 0.982658434973172 0.986795798365528 1.0044498518536 0.995062471721753 0.988230140019468 "Rhat" 6 0 "SVNP" 0.0316227766016838 100 0.5 1
176.746959204278 138.984091662446 96.6286049521087 149.003263958023 53.8840472439461 110.987585458134 120.269878316117 100.913538016005 137.439302422313 85.6941503033285 89.6435039961768 130.825771535239 5.32314961959863 66.5152464677535 47.5011528001258 111.162983375426 63.5789533178564 82.5304507413659 110.948838175837 "n_eff" 6 0 "SVNP" 0.0316227766016838 100 0.5 2
0.989947097582492 1.00259785833179 0.997728829164436 0.997550895671786 0.991433703248084 0.983213912959843 0.983697727321326 0.985386110518673 0.997347686485217 0.988655571097704 0.997019298967802 0.984164348690818 1.28421805289904 1.01611985805315 0.996709751987719 0.999988788786927 1.02592565308594 1.00777878536573 0.991684228350262 "Rhat" 6 0 "SVNP" 0.0316227766016838 100 0.5 2
66.6050371566498 58.3783950760441 109.773086247295 46.4754790812527 103.652619077365 117.209764090038 146.258855352556 200 141.797925293799 41.7245403995383 85.4665172622233 90.9284534380799 14.8035266442682 57.9638416372396 88.7655942163799 133.975178842064 25.5020110411192 105.242652243301 101.04830854999 "n_eff" 6 0 "SVNP" 0.0316227766016838 100 0.5 3
1.02111774321067 1.01321678655138 1.03284669132367 1.06890634538144 0.981050014989867 0.997229551307882 0.991086498972261 0.981408796430031 0.987024601505837 0.983975621441462 1.00145673831222 0.987422500622344 1.20857267591841 0.983786758105226 1.00980660617343 0.992035411775915 1.0458779998262 1.01318339459356 0.985934937078626 "Rhat" 6 0 "SVNP" 0.0316227766016838 100 0.5 3
167.767907988443 17.1727417620682 122.174283707495 10.690994788153 104.223174947265 69.7918525891026 105.329642794991 118.158887403841 105.932119627254 117.333588501634 58.4524599844591 109.970104164974 3.53551437054047 96.6157265750364 3.25092801856678 79.8291474004022 6.63843040198048 124.166579456536 179.014977294389 "n_eff" 7 0 "SVNP" 0.0316227766016838 100 0.5 4
0.984988534131558 1.08968843098324 1.00069120773632 1.17539638835763 0.993522883592021 1.00808370575799 0.98486106944071 0.994803763050228 0.992805478184877 0.994103147099091 0.997871195850982 0.99412513789213 1.3199858566856 1.01015686615675 1.23623358029296 0.991246813149517 1.32225011670096 0.988252960749474 1.00180752964184 "Rhat" 7 0 "SVNP" 0.0316227766016838 100 0.5 4
200 64.9163481941861 46.9058143597982 77.105924772462 134.510889600536 98.3116579068105 120.762202487249 74.9852610442195 131.021340528884 111.259797462976 84.4013795032948 89.3783581630217 19.1417515241851 102.895204418427 19.3494264522461 39.1884779810542 63.8853245792481 102.685603662775 114.512649023038 "n_eff" 7 0 "SVNP" 0.0316227766016838 100 0.5 5
0.982032869796729 1.04154758855857 1.02684114956036 1.0367529592409 1.03427187234398 1.00826591860925 1.0287741031095 1.01280487654699 1.01356888327641 0.995675332612424 0.986646693022637 0.982872617382311 1.28059056588179 0.996408428883326 1.16139694701374 1.04214793212116 1.07246187740435 1.0045672115515 1.00549164997056 "Rhat" 7 0 "SVNP" 0.0316227766016838 100 0.5 5
68.1420684398716 96.9806775297293 97.4757277317744 152.615156992351 192.165020597945 200 89.3448660321871 83.8962820689827 170.98701491236 62.2852674717069 115.706811920312 119.214203027288 45.7505515710729 52.5004962030209 61.4126695359689 137.009572620249 196.24573807614 103.237615798248 133.653041422664 "n_eff" 6 0 "SVNP" 0.0316227766016838 100 0.2 1
1.0452875949535 1.0190903767323 0.986638953361856 0.989864656325543 0.988215464041329 0.987605605104605 0.987860827996318 0.997035762663958 0.993424928060039 1.02630372324558 1.00045099317255 0.992550686412407 1.05988644983488 1.05082418008777 1.0290600719067 0.989131367675898 0.990541243911806 0.993537747530517 0.992746612692109 "Rhat" 6 0 "SVNP" 0.0316227766016838 100 0.2 1
130.2606749783 60.9443171136131 89.0350346695601 92.3377807715975 69.6859091748515 93.801206465908 143.116842266834 125.482370536134 90.2208462035068 122.493431043131 132.625519867073 150.115861258593 18.0462650218838 32.8308172975846 34.2846634107955 85.0940241847112 115.31200521274 100.211019459459 49.6902636399835 "n_eff" 6 0 "SVNP" 0.0316227766016838 100 0.2 2
0.989939805979491 0.984126260043445 0.998477341399815 0.989637240243554 1.01316914511219 0.981605737486677 0.983301812769038 0.987336400592803 0.990718101850202 0.98194109505687 1.02148934348005 0.988958409544666 1.03985647072544 1.03765098622727 0.996308146873216 1.01206948102442 1.00986433251633 1.00473501383547 1.01429492635414 "Rhat" 6 0 "SVNP" 0.0316227766016838 100 0.2 2
46.8306823022371 20.0596016862679 41.3385154511018 73.0989174077129 122.817981039157 120.202525150791 83.850466894676 58.1379458650256 137.107726222753 107.620645467205 106.94939775374 74.1872614329925 60.7504590782269 38.2956574453594 12.8416569015182 63.9986525017587 56.7121470227099 189.500247080981 134.425440878095 "n_eff" 6 0 "SVNP" 0.0316227766016838 100 0.2 3
1.02459329697341 1.09870813320461 1.00522826923113 0.986856897355284 0.983639379775252 1.02793542866039 0.985431566237312 0.994831627212327 0.982930830961289 0.980153898265484 1.01146765528263 0.987850510828327 1.01713573067359 1.09514683048206 1.11187900087946 0.99818406766644 0.987055509398453 0.999531409137193 0.995254048599539 "Rhat" 6 0 "SVNP" 0.0316227766016838 100 0.2 3
86.6637742617235 128.716945705062 98.9274644207902 92.0673171103104 71.6897181392712 54.4206155183259 146.961518861534 86.4422672273867 57.6622365237074 119.158480637856 89.9676854501616 103.907178706541 23.6959746854518 62.4787620924707 53.7680361464062 100.253993488614 63.6003414860478 58.5639805500675 82.7885274957279 "n_eff" 6 0 "SVNP" 0.0316227766016838 100 0.2 4
1.00729353014843 0.992754200091158 0.999672881032959 0.997452686333674 1.00644341811759 1.01004796663462 0.986343999391663 0.983292460568908 1.01771406159202 1.0027245089812 0.991139746802154 1.02207125068485 1.05317128270936 0.991318597835199 0.999762641650838 0.984289806183816 0.994534381717709 1.01813044741923 0.990358189985526 "Rhat" 6 0 "SVNP" 0.0316227766016838 100 0.2 4
54.8421856536931 75.0628620133785 71.0809555166234 127.392394582677 46.2960228276447 143.360102463764 54.0208724129732 97.1515390013917 102.808563747777 76.3076041848418 96.3424586167549 102.023034593646 16.2372811170413 29.5474975173628 23.5217312801304 84.5009947213173 72.9664386194534 23.7297996874174 200 "n_eff" 6 0 "SVNP" 0.0316227766016838 100 0.2 5
0.992230188009882 1.01220747674316 0.982547232919939 1.01103215795873 1.06037404353825 0.987449070922046 1.03111410356238 0.993614134648588 0.994462872046152 1.02503468092022 1.05118492400789 1.01496948731357 1.08195905678142 1.02875436982237 1.0884851034013 0.980597739856351 0.984039359194309 1.0604751835502 0.984150968282717 "Rhat" 6 0 "SVNP" 0.0316227766016838 100 0.2 5
52.7284629779353 65.389205730587 65.1677686569555 12.4985697717223 81.6879399640189 111.301938211759 15.5792455631686 51.0669571445925 62.7773784504091 45.6197747106901 67.6785012096039 67.399111907977 60.1170732089008 178.875503611961 106.735177428037 200 77.3085816156663 56.3803574234365 39.8961426711054 "n_eff" 7 0 "SVNP" 0.316227766016838 100 0.5 1
1.00335813814327 0.986957743766349 0.983212325360805 1.15084831408337 1.03470781549052 1.00205145638949 1.10734754734817 0.996894995450437 0.991749398794203 1.01329341850785 1.00666929360401 1.01417153261329 0.99455997609386 0.992793490609971 1.00078715066641 0.991651312683436 1.01133753184901 1.02248432369278 1.02948013325771 "Rhat" 7 0 "SVNP" 0.316227766016838 100 0.5 1
41.7834141721257 42.4113606734367 47.2305836529877 53.0378218801919 93.6029401893059 90.4326418945291 64.5077514134911 37.2295648810829 32.1869232107542 62.4751619250409 66.1348741820533 56.5805856340998 78.61471707372 105.472188056103 75.0190661954398 115.926355126289 123.570401029822 47.8810052555036 91.1805052987331 "n_eff" 7 0 "SVNP" 0.316227766016838 100 0.5 2
1.03002944504558 1.03174377988985 0.987299936859388 1.00099292907391 1.0255827883137 1.02957056059784 0.989335896615605 1.03191371550289 1.00992185387662 1.00863508804084 0.987681056657672 1.06890863203766 0.988970123543995 0.991302203267395 0.992718702658843 1.01712474256451 0.994765969993946 1.00706950734832 1.0412218725521 "Rhat" 7 0 "SVNP" 0.316227766016838 100 0.5 2
29.6218188547011 18.8330672398759 26.4247415610852 81.2603973177443 97.3208605195216 116.739938186053 72.2479093575794 25.2566681819555 59.7986964978214 146.213277276428 99.4043026425144 115.061625893587 82.7951491075263 35.6872124711571 16.8888437096094 50.533215229172 110.488664192255 68.070371946023 105.940849922917 "n_eff" 6 0 "SVNP" 0.316227766016838 100 0.5 3
1.02746419761762 1.07083956210822 1.0648735478668 0.9867196666742 0.994151944715359 1.01386416274745 1.02265044691205 1.0458559879111 1.01228726136941 0.999392705305447 0.989342171263373 0.997571458341478 1.00536273117328 1.03692814939033 1.02361524690573 1.02009967844207 1.00343453356522 1.00197765397145 1.00894287648172 "Rhat" 6 0 "SVNP" 0.316227766016838 100 0.5 3
52.3760300412006 92.7016931587312 27.1136070872498 13.4114383661436 51.8218780800418 62.0341417620822 14.4276960594456 15.8972268837076 34.3098211601622 30.0520353518889 97.642120798897 68.0050355022592 20.8148042236239 88.606393311265 17.3884878116161 57.2780172305796 24.6762102197054 36.5838312235487 84.4714627812551 "n_eff" 7 0 "SVNP" 0.316227766016838 100 0.5 4
1.0171413369999 0.985550611983634 1.04902522006719 1.3606129392289 1.02253969827856 1.03192166594702 1.29929346052962 1.11207269218705 1.08171096629508 1.11769468068593 1.01113171421109 0.98940411105005 1.16589976610273 0.988135765816213 1.09745095722186 1.01881245490037 1.09057534112413 1.08712560232904 1.01528450775135 "Rhat" 7 0 "SVNP" 0.316227766016838 100 0.5 4
34.5212360577011 28.4877128413926 18.4033478652144 57.0095955526541 71.4886851972083 62.4098945430994 66.9305192006984 40.8602663948269 61.3996408232865 41.6239155148376 33.4027150178911 56.1422479007875 27.9937408662998 180.524439879202 71.3410369696831 23.9626393821924 105.859771481998 79.0971522199308 133.828315376195 "n_eff" 7 0 "SVNP" 0.316227766016838 100 0.5 5
1.07856437022803 1.04859116179661 1.05331926344409 1.03159057758627 0.997720994250568 0.984438366937229 1.04811051798743 0.990514403470672 0.982472135013363 1.01686610387587 1.01994219235321 1.02174019124349 1.06453697907754 0.984589133991051 1.0113723830287 1.03289913095589 0.987701867217457 0.985235356218988 1.00336819531645 "Rhat" 7 0 "SVNP" 0.316227766016838 100 0.5 5
5.91721163994449 73.2026850950887 16.809893655238 84.4699319225809 81.0578318689995 86.0363970675091 29.3058976419012 24.2780613516092 13.4396055115938 18.0460327081673 44.1414370587089 99.9046614519074 12.4991570189675 10.4224185252687 2.73196306079909 107.705994653777 82.1048241406168 123.831049616981 55.8193241913589 "n_eff" 6 0 "SVNP" 0.316227766016838 100 0.2 1
1.13013858232774 1.01980861466159 1.08657347478666 1.00300153988641 1.00243463213893 0.988048476340355 1.06235767327805 1.07603368886338 1.1399207849974 1.17812226906625 1.10035898838803 1.021551015097 1.28187103162453 1.07755514408703 1.22137814413267 0.992863279162861 0.985475427464663 0.980062522105098 1.01844962197363 "Rhat" 6 0 "SVNP" 0.316227766016838 100 0.2 1
47.891539392951 43.0940594587307 71.6796005643599 43.9729482010397 65.2612214644599 62.8257092435621 42.5703917147932 22.896276232592 12.1364332445712 33.8883856238695 73.1232873817211 45.4903124382332 44.9456631991504 18.2576634691548 63.6118989877916 51.1224084763273 37.7905756297772 54.9791451328089 13.1276052701429 "n_eff" 6 0 "SVNP" 0.316227766016838 100 0.2 2
1.01871316486052 1.0075102217082 1.05050834758769 1.03765195505896 1.01083274651907 0.98999247997698 1.04271597461878 1.08788825458193 1.07908185541159 1.04032908102589 1.01949856334332 1.03692051467994 1.03939773727498 1.06029312506305 1.00231119319542 1.00491026625848 1.02808824103269 1.04667430632564 1.16561221073227 "Rhat" 6 0 "SVNP" 0.316227766016838 100 0.2 2
20.6781768272482 70.0727537434645 70.7419506650719 99.2081595321769 53.9170335256348 66.8361807900944 59.1198994811695 49.6094549221822 32.7784189854965 47.3586624223425 43.8194788683017 72.8051703442345 53.3787091435617 24.2006574087867 13.3636653735077 131.814415101071 124.033766211642 74.8298361504777 75.8477262190464 "n_eff" 7 0 "SVNP" 0.316227766016838 100 0.2 3
1.01633696413945 1.0279104468608 1.00578726211249 1.00313149251902 1.01338640693758 1.00621914857338 1.01250565558559 1.01351120547463 1.06013953582112 0.99182644619405 0.98877761377859 1.00475916134866 1.00099908287982 1.03294906610431 1.11358052589815 1.00678446612148 0.999324635529696 0.983482806724226 1.0205495931137 "Rhat" 7 0 "SVNP" 0.316227766016838 100 0.2 3
35.6674464621785 54.3441517331927 73.342263762576 64.8156275757218 23.8064406100959 115.042379951799 44.9080109675354 24.4476292490923 76.2053409266271 32.5060671293504 53.6322909815373 61.8812206355944 28.8096608121133 44.5998722494244 14.8277434544793 111.46721868129 100.442780502937 25.3317761015275 165.259204516714 "n_eff" 6 0 "SVNP" 0.316227766016838 100 0.2 4
1.02636651853617 0.993522512736315 0.985318177349152 1.01968520947615 1.05715778329047 0.990770405108454 1.01513604410686 1.01934651043533 0.997135203089313 1.02997609420529 0.998383050609223 1.02759242171659 1.01246648914558 1.04917433793691 1.07347898222029 1.03531289293177 1.02698216229065 1.14068919307381 0.995535643893166 "Rhat" 6 0 "SVNP" 0.316227766016838 100 0.2 4
33.9337222156139 27.3961434056418 47.3285402910669 48.5809106909002 83.0354193114964 60.1866698332016 73.592020011275 37.9021787056831 61.0981718164824 33.3670549209049 73.7096435860014 56.3853377972718 73.2461319865677 22.9477491622144 36.9977161203224 139.238170069782 140.985543084425 41.7686527702088 135.146244952108 "n_eff" 6 0 "SVNP" 0.316227766016838 100 0.2 5
1.0569375705272 1.07963983080161 1.00282444883235 0.984989469823762 0.995436535743173 1.01147787905939 0.979951058236905 0.99971784977458 1.00153998273265 1.07706070653079 1.01653345074618 1.01531122632539 1.00722778586042 1.02624606301087 1.01648262823596 0.996820452828192 0.981711019222096 0.992049033901315 0.989368661398162 "Rhat" 6 0 "SVNP" 0.316227766016838 100 0.2 5
19.4784554658258 36.7334792735324 19.64225027891 2.6028272038018 21.3018901595317 19.3201433522102 2.55191657408979 40.791704934603 39.2677650715737 79.1172163041749 11.720338009453 7.87342602959309 3.607698035524 13.1985363623121 74.5785430902694 17.3067064464042 5.07058946958919 11.7477855668691 10.0279042690242 "n_eff" 6 0 "SVNP" 0.1 200 0.5 1
1.05022853071844 1.05897793983677 1.05926895932094 1.29003457502602 1.04064782902269 1.07957926115456 1.30933373104735 1.01905552739295 1.05751715332097 0.999124910706735 1.08895975270769 1.1344918481906 1.26438691300442 1.07738590877401 1.04096597481054 1.0423636897851 1.16326718216915 1.05935731615103 1.06410634913435 "Rhat" 6 0 "SVNP" 0.1 200 0.5 1
80.0665964359074 56.9950369601086 2.85667599201487 2.33929538778848 6.94705464900584 13.8261147067299 2.14564341715281 80.0148520249049 82.3825674011109 45.3310196091618 153.403921949704 2.83010259263227 1.95018189958831 121.830325727749 13.8364123019194 113.465730794339 13.3953539329885 3.1391945351127 6.18967512992125 "n_eff" 6 0 "SVNP" 0.1 200 0.5 2
1.00717606893075 1.01113199346896 1.31704421952148 1.58725983118775 1.20896763147328 1.06239523201412 1.62523166273859 1.00300703216649 1.00219784104579 1.02618049609643 0.991015264159842 1.31200996134024 2.14258659338776 1.00174884107268 1.11554057496741 1.00244346316263 1.10634842152695 1.53338961381423 1.24038404125688 "Rhat" 6 0 "SVNP" 0.1 200 0.5 2
70.4837291931428 36.1348839818973 82.5107539293032 65.629612703742 125.769449655807 92.8264640928984 26.710030374249 78.7996808380646 121.817280688999 7.69538764277714 84.5979213628635 95.0349558839865 111.255989162273 119.087673472619 16.4750957298943 72.3794698079644 27.2773755487131 15.9036774651985 133.603405512076 "n_eff" 6 0 "SVNP" 0.1 200 0.5 3
1.03573334261332 1.02410268380898 1.00302977978783 0.999640016006835 1.00242218412977 0.990733751927608 1.03339133309377 1.01512601073559 0.987762872115859 1.16306739102088 1.01157568460537 0.981782666613451 0.997668771845531 0.994865490864901 1.09018149397692 1.048604017041 1.04008414869569 1.0876035696098 1.0008286187144 "Rhat" 6 0 "SVNP" 0.1 200 0.5 3
25.179469642796 11.6083230998736 13.7995299694218 1.93192304736154 11.4086353804866 18.2924080095666 2.06252332072683 72.088283346433 49.6170909522292 19.0170261638324 32.8047025424069 3.44044477226668 1.59580465234636 34.6304806205722 3.18389130260789 5.42958763009223 1.95206894875516 2.75351928540652 3.8204140151385 "n_eff" 7 0 "SVNP" 0.1 200 0.5 4
1.04642736534292 1.07652661420699 1.16352717877467 1.43632610733846 1.07281811619993 1.05062514648086 1.42181862004396 0.99494228185384 1.00763781841905 1.06415725306309 1.00447788522901 1.28810325571031 1.6480081701839 1.04143556113543 1.28341317654137 1.12541395260625 1.39540319100412 1.22210461433951 1.17847051384954 "Rhat" 7 0 "SVNP" 0.1 200 0.5 4
121.447304491247 13.3637241475572 33.5051621739004 61.5883052081919 51.7454822018855 70.5826662450809 74.9129834619847 30.8784774050703 57.6341272413886 109.21226383197 128.486986497463 47.2867399876133 53.5201081036833 107.649868191159 7.7980097147852 107.988318160361 170.875082773075 44.9186738126374 77.2516073515567 "n_eff" 7 0 "SVNP" 0.1 200 0.5 5
1.01848536071937 1.15803847627996 1.0976194210921 1.01476574834037 1.02614861222621 1.04448126779133 1.00099183055164 1.03941717696501 1.01367530919138 1.0013133314519 0.982668281998339 1.0799652983852 1.01296344504482 1.00804640060669 1.54622258589664 0.990157766026951 0.98668075631254 1.07018953936804 1.03267008630465 "Rhat" 7 0 "SVNP" 0.1 200 0.5 5
90.0525820169784 37.0343081067847 70.1384985916579 57.4158657273562 88.363008503011 42.0558742841711 72.4291023292328 52.053822619211 23.3842584334161 54.8470701027895 77.422362421851 73.3369598228616 28.4764724506694 112.043635145474 19.7677855658247 72.6599181836941 94.2753749039298 36.4983262084474 43.9654483765201 "n_eff" 6 0 "SVNP" 0.1 200 0.2 1
0.996229432566575 1.01068751487803 1.01114054650533 1.02041748611722 0.986423614296971 1.03275678094629 0.987768945055008 1.00848182722607 1.05759371109197 1.0105311170093 0.987350964260173 0.989148613739786 1.05187016741959 0.991339361275539 1.0390862302228 1.00217360520963 0.99263449195938 1.0093074627091 0.990261558332967 "Rhat" 6 0 "SVNP" 0.1 200 0.2 1
135.895181349272 125.375655378131 160.399027632973 50.6146875038743 72.0911162340105 41.7084704737288 83.4716883803017 83.0115589327879 44.7701913889109 150.246110193752 99.1583569070334 143.204138492302 20.2233591192062 76.1826192451644 54.7838703338447 143.47905232547 109.128645021796 24.3038162543089 102.759459563189 "n_eff" 6 0 "SVNP" 0.1 200 0.2 2
0.984371803766052 0.983569863471712 1.00363362213473 1.02033512366398 0.997004233982772 1.01890369696785 0.993294501300347 0.993930247305786 1.01562995597854 0.986862272716781 1.00663070315787 1.00697571483889 1.04097832015356 0.990459224204612 1.00953716343651 1.01333258642315 1.00012115453971 1.05299273831533 1.01562850736042 "Rhat" 6 0 "SVNP" 0.1 200 0.2 2
43.3773062433312 18.9118580614304 51.6083199173285 109.058462747494 108.432377297999 98.5781652378001 49.1095650935625 26.9019311092198 19.3360103052063 78.2370123459914 101.320891953477 143.14331579929 84.2386655500081 39.0887950681974 11.1713117895592 105.026644510234 111.28385879288 16.0548959130349 14.0312656725275 "n_eff" 6 0 "SVNP" 0.1 200 0.2 3
1.0497530229185 1.07276316079375 0.988901673153357 1.02686127059998 0.985287022712068 1.00333753589396 1.0251884355811 0.988255024270089 1.12865407977156 1.02363176780673 0.989476075235001 0.987784857404514 0.983452230889718 1.03380733552869 1.20617888765052 0.997412696972367 0.997388522670395 1.11803379728263 1.14411401701307 "Rhat" 6 0 "SVNP" 0.1 200 0.2 3
21.8992048171444 52.6448461940766 73.0996433593624 134.136722853281 76.2050327519245 70.6156769997256 58.8108759144235 57.2736254292562 50.1818790164819 13.7335225441965 90.6047885768078 61.0763820685691 6.59906130909412 117.352937957697 9.77878641836933 95.5120970859564 25.6555463019245 78.2308695946882 41.8495644972605 "n_eff" 6 0 "SVNP" 0.1 200 0.2 4
1.04771067724534 1.01139301043225 1.02961550833625 1.02015674838252 1.01282936872905 1.00720087659224 1.02824655292426 1.01817704494952 1.01475886178397 1.06356990851515 1.00273448027136 1.02295939016897 1.16895913112326 0.996798250396835 1.14119378948317 1.00432953268368 1.05884622861074 0.997869273802726 1.02136283988495 "Rhat" 6 0 "SVNP" 0.1 200 0.2 4
110.052187808829 28.1606381177027 97.4773425691737 56.189426702152 90.8881912352345 35.1277778903915 110.24398020237 75.7449837046645 39.6789671793256 88.3707037982473 92.4126744624908 93.3731591236946 80.7049235240651 86.3395812807416 21.508718099949 78.2264202553178 162.547048212671 21.8324869814787 33.4517336188822 "n_eff" 6 0 "SVNP" 0.1 200 0.2 5
0.997325037980545 1.11471238011551 1.02358569110264 1.01502666890108 1.00662574300688 1.08016115527764 1.01819450278109 1.00846754423377 1.02256964736388 1.00082743419834 0.988196378480952 1.02841409890023 1.04665649375625 1.04357700784145 1.13354626028066 1.06990372799406 0.995919199158557 1.14705461659393 1.08561916826737 "Rhat" 6 0 "SVNP" 0.1 200 0.2 5
200 100.831008359057 68.2789897590156 122.397710686623 193.132387414372 200 92.6149021758956 82.5155530924588 131.857000860423 135.917145573957 117.94433744726 95.702441362984 9.18386743671948 102.717696388888 74.7239515385743 27.4405432339695 52.9277629764325 161.297530180446 200 "n_eff" 6 0 "SVNP" 0.0316227766016838 200 0.5 1
0.995354589288162 0.989419898001789 1.02608482548457 1.00130720730641 0.991399944259492 0.99562603637089 0.995409497836512 1.00529892610895 0.986860814518067 0.983878673997683 0.990838744429677 1.00679827011594 1.22700198424554 1.01348914587308 0.9943120343843 1.0517368594146 1.00676872501366 0.9909386952938 0.985607905941539 "Rhat" 6 0 "SVNP" 0.0316227766016838 200 0.5 1
118.979550986585 81.4120688242395 120.421980236324 152.048412120115 145.19219408895 154.314229702904 123.256425541537 102.923734730491 110.422306445248 127.607867120582 56.8745564151715 64.0855419582491 4.29000151819717 112.580298918206 39.3823096745212 54.9854314870664 124.37190945218 33.9843043282997 153.221162361076 "n_eff" 6 0 "SVNP" 0.0316227766016838 200 0.5 2
0.983365239115191 0.995988376717776 0.985133901962641 0.987158417198405 0.997602076192734 0.991691599499899 0.981939723708774 0.999688411713505 0.984109834122116 1.00257676751423 1.02620047807322 1.00493426712842 1.38465704306391 1.00319192625127 0.993594562289467 0.990822794767276 0.983793213652714 1.05284055810036 0.988529589945054 "Rhat" 6 0 "SVNP" 0.0316227766016838 200 0.5 2
190.025432997126 99.5909310731388 166.109682962716 186.575216121059 147.366553889647 180.822850200866 162.048718941594 160.163555533987 147.847671340509 200 62.8479215683719 200 33.0121391893731 102.717392672284 37.8427351717719 31.5270755892875 92.6986763636406 97.3274383431315 108.179208117018 "n_eff" 6 0 "SVNP" 0.0316227766016838 200 0.5 3
0.983963969943619 1.02809252537704 0.991836620234397 0.986531841836677 1.01410067039647 0.996705016530238 0.990128341675142 0.980543520190333 0.987808367490536 1.00095831169538 1.01928709199872 0.987891374103211 1.02095093758368 0.990790121301151 1.09903409984483 1.14884272043901 0.990530560464299 1.02350647987451 1.00510225307991 "Rhat" 6 0 "SVNP" 0.0316227766016838 200 0.5 3
165.576755910026 83.1023060070376 140.966378059167 98.206581451447 177.104055071381 170.956696096699 63.5124392878488 64.9726882214513 118.525561287145 116.210304716069 38.1664381693369 200 27.9234390517048 115.936597151612 128.303959879901 113.195220892615 40.8754107225309 98.5114112606866 108.478980953543 "n_eff" 6 0 "SVNP" 0.0316227766016838 200 0.5 4
0.988811514866927 0.986748303086026 0.996727245439241 0.983131968626185 0.992765294227725 0.984737092453786 1.02785327241616 1.02494155076921 0.994167435089315 0.982958072774807 1.03023209909522 0.983996283810971 1.02113445240375 0.985254934868194 0.990208379967449 0.999924946701671 1.04853439943315 0.992192692432921 1.02320898482575 "Rhat" 6 0 "SVNP" 0.0316227766016838 200 0.5 4
200 146.209622869701 76.3446308969382 103.279395064549 113.38663145794 200 200 137.813469568511 98.3655656732605 169.136132344865 132.769467240734 87.4131116719599 8.50807125684335 70.8585185357237 68.5739364550818 75.8451782596139 66.4760951462975 89.5077483734248 86.9123735803635 "n_eff" 7 0 "SVNP" 0.0316227766016838 200 0.5 5
0.984642227472361 1.00340599979149 0.991814226016765 0.995185720105827 0.9837318867464 0.992986569445375 0.987532034824653 1.00183948477764 0.984060390716025 1.00404735699239 0.992129219558566 0.996632164842255 1.48704883578226 1.01785465433991 1.03484121437199 1.00712390377833 1.04001769506245 1.03807948230579 1.00474338951984 "Rhat" 7 0 "SVNP" 0.0316227766016838 200 0.5 5
91.2301556686704 111.196086462771 70.6203230947199 91.0822121673032 146.681658622407 146.646763351077 77.5300429111473 110.884223287277 155.479574836676 88.1768948936954 127.286686033747 77.3378007661841 15.4353589631134 44.3838608286572 42.5280088059185 95.3250016311045 86.2972106368832 74.0536564390626 64.8253763769875 "n_eff" 6 0 "SVNP" 0.0316227766016838 200 0.2 1
1.00721967305294 1.00761293513857 1.02635313949098 1.01495134138515 0.983236083363533 0.987646368571753 1.01399046379016 1.00792710187616 1.00940907711432 0.984736453421237 1.00977429538619 1.03837231702795 1.2254607181024 1.0333484498083 1.00883265246293 0.994161086310812 1.03730743006611 0.999537226786834 1.05456682229889 "Rhat" 6 0 "SVNP" 0.0316227766016838 200 0.2 1
93.1493715120002 80.4157766169614 71.6030535055296 10.7938175793908 8.56865762672618 16.0280965368575 39.3768952173333 125.431542404909 165.566017109534 118.461711920313 120.962791110206 52.4493957047068 5.33066743249837 50.6143863171056 66.4526920407313 83.7109197034493 19.3187624701131 4.2541188683143 11.1724913239874 "n_eff" 6 0 "SVNP" 0.0316227766016838 200 0.2 2
0.989847016802634 1.02850560902269 1.03084890317378 1.1924828063575 1.25576028706083 1.1061410030724 1.07798567194538 0.989997907688074 0.982451025710869 0.996136078691943 0.993021091167984 1.0235333731866 1.45839608805962 0.992685932947488 1.03018269403298 0.993375423135284 1.15588697351084 1.39777568190316 1.11619336367738 "Rhat" 6 0 "SVNP" 0.0316227766016838 200 0.2 2
169.173226400297 67.925932788188 119.282551448465 110.754380793414 70.8959887319842 91.6823399381556 62.2216389213865 103.857311603461 76.247217834882 200 106.914033180896 128.036966234726 29.4068690820139 114.095092207833 48.6209367088103 194.930368422347 190.956103090261 28.2385491310921 32.7522909715156 "n_eff" 6 0 "SVNP" 0.0316227766016838 200 0.2 3
1.00073125373283 1.00719611391578 0.999577584529056 1.00101392730839 1.00871500656454 1.04012207759883 0.989910695706748 1.00212710328162 1.04155199332156 0.988440154947482 0.990436090420695 0.990014781964647 1.00759178800873 0.98281497224741 1.01009924868832 0.992102297113014 0.985284316878433 1.0842587503877 1.06024856246182 "Rhat" 6 0 "SVNP" 0.0316227766016838 200 0.2 3
23.4693372596393 29.455375363774 98.3468865708714 83.602722181181 36.8576612208741 70.5654402015527 53.1401605942236 113.800942897431 61.7193800156514 120.950088067202 80.9472029918295 90.3636819575755 33.7942599075098 18.8579891631807 2.97534470747506 101.59175027583 96.7128557821105 32.1274569307237 95.8392734950761 "n_eff" 6 0 "SVNP" 0.0316227766016838 200 0.2 4
1.0349812626926 1.06086388546034 0.99523131165584 1.01032225027167 1.00997018165005 1.03104400395503 1.03064660079636 0.983443470543047 1.00282679796413 0.994007042842874 1.00564312733518 0.986354802852665 1.04724262456081 1.09424631243855 1.33599104495976 0.989215930826359 0.995103273649463 1.0178821565688 0.989591703208774 "Rhat" 6 0 "SVNP" 0.0316227766016838 200 0.2 4
143.062533321724 76.2513136257252 39.3149050353007 68.690290452585 55.0866445741686 94.44776483448 100.156135641173 111.39341641744 118.792458073498 84.9591445323083 84.951223246464 32.7990861594426 30.1690575086967 200 11.6118670630863 86.7845180132098 92.871560760657 33.7073006335497 90.8760996218902 "n_eff" 6 0 "SVNP" 0.0316227766016838 200 0.2 5
0.99366127176592 1.03839380545142 1.08244350526795 1.00461206056966 1.03727749957174 0.98770984738689 1.00794874352165 0.986727015574708 0.992536739210014 0.991337208679155 1.00925240622857 1.08539592341939 1.15727725159978 0.980334911011289 1.21384130665039 1.0158129689939 0.986179528953792 1.05658179355227 0.989547084760334 "Rhat" 6 0 "SVNP" 0.0316227766016838 200 0.2 5
36.4676396044709 14.1698990400311 45.5464530746181 34.9862260177061 46.208943094506 107.533610926694 42.336741007506 27.7255316946172 49.9767024538144 42.8736816980041 15.7267092892403 48.5501425019182 20.3470496046367 17.7473203104758 28.9632262989548 43.4019721412402 89.949162014625 52.1605450295443 72.7730069552733 "n_eff" 7 0 "SVNP" 0.316227766016838 200 0.5 1
1.03186552407622 1.23210031740609 1.04176546699024 1.07050882834767 1.07962577229371 0.989846555524558 1.04134866921379 1.13143130835078 1.00034497125984 1.06460860416049 1.27977585907665 1.02543390766157 1.16374052329377 1.16639041268564 1.09666778151094 1.01328575905062 1.00136021865973 1.04327833255594 1.01368674005378 "Rhat" 7 0 "SVNP" 0.316227766016838 200 0.5 1
34.5962571071158 27.8027898802503 35.2508677043216 50.2326160398029 47.2404048762474 48.6721527934338 45.0902435117017 22.4564189376031 41.627280055755 26.3210131185881 28.3127430076665 48.134907791997 37.2382790546441 155.733041147247 35.6475920589253 39.2305804697198 112.420574488092 16.2399377301592 88.1027022776282 "n_eff" 7 0 "SVNP" 0.316227766016838 200 0.5 2
1.0311156452949 1.02833055694468 1.04338369503201 1.01276518967272 0.994758411901123 0.991834479401529 0.997506931753114 1.07002083083626 1.04109414990986 1.03096306733354 1.00904006755228 1.0009890022506 1.00574605688812 0.988545320982627 1.03311728107217 1.03536597691421 0.997091141723374 1.14500622592335 0.996664806874566 "Rhat" 7 0 "SVNP" 0.316227766016838 200 0.5 2
23.2540729220621 22.2237022748687 25.8263581925032 38.3394242873523 52.9433957129556 45.1720208407935 23.4539231932817 25.8006367487667 18.1869537524666 54.7111045334719 48.2751101607496 36.1804981558647 61.2819238355141 85.4600407698468 82.4256039567856 39.1389465564362 93.5347829378917 25.5467989556715 91.9543292962513 "n_eff" 6 0 "SVNP" 0.316227766016838 200 0.5 3
1.02875906430949 1.0195965903199 1.04431834935118 1.01968785038895 0.995167352634234 0.990488475093475 1.01974908927599 1.0594930536273 1.05964000366192 1.01788309898364 1.04470601258159 0.988004951583684 0.990698220159083 1.0156426886976 0.988315549849012 1.01079153375103 1.00873083892029 1.0241333506735 1.00679658220199 "Rhat" 6 0 "SVNP" 0.316227766016838 200 0.5 3
25.446269205765 17.1869547892413 22.9799023130679 38.5119768945504 74.3682114914789 62.5180079309064 18.0252265403557 13.3771674182054 12.7099844429381 62.1148158739526 61.3564729039048 65.7158338021622 18.9239483667638 200 155.428023296855 120.31692263903 52.9800195783292 17.2799798101199 139.008850982184 "n_eff" 7 0 "SVNP" 0.316227766016838 200 0.5 4
1.08493304636545 1.11533385566939 1.06000869203266 0.995430897275356 1.01707764567951 1.02561684818189 1.12183250672859 1.07785147033179 1.11484702463224 0.982581851895346 0.994227852602158 1.02547436332479 1.09580067467047 0.987431336965869 0.989803716182252 1.00640019222571 1.01292664196189 1.1370961356953 0.98727591158783 "Rhat" 7 0 "SVNP" 0.316227766016838 200 0.5 4
18.3036783594677 13.0906382114839 21.7232002443217 15.8992005703701 39.5658537173295 46.5196262561082 39.5001510759301 16.0117562246976 30.0382797154343 27.3641746046897 23.9766485164406 53.2652367257589 41.4090572532179 200 80.4716092293672 15.0580432440427 65.1562808188982 10.8965939881677 100.657467250811 "n_eff" 6 0 "SVNP" 0.316227766016838 200 0.5 5
1.09728652745024 1.19807401689299 1.06436975471166 1.14627035883858 0.988399584251398 1.00023408117697 1.07397218610172 1.11954332076495 1.0491301606269 1.0599582593331 1.05582368558894 0.997928229124762 0.998506941177216 0.980235366430373 0.983200084134593 1.13931098819536 0.996939482295945 1.1496381370387 1.00610711928438 "Rhat" 6 0 "SVNP" 0.316227766016838 200 0.5 5
36.2719313902399 62.2528401209854 4.70436725283642 66.3527564794816 147.380607229177 93.8760465440394 78.0727542287785 4.19886282384861 2.54090423799294 54.9224092003806 22.0618748711979 60.8417586913671 73.6723653222365 119.455715627649 73.0279187697331 200 149.905177424176 172.341760971697 45.7281026465906 "n_eff" 7 0 "SVNP" 0.316227766016838 200 0.2 1
1.07168793952342 1.0045166494924 1.14241876229933 1.04963059452889 1.01351577858469 1.00878325348069 1.02048713397193 1.15809468696673 1.2823414131499 1.07794136087096 1.21026056227409 1.08930140785131 1.02802710623035 1.00023582230101 1.00872532153745 0.989788458203841 0.988409788179273 0.984951275676017 1.07122722906688 "Rhat" 7 0 "SVNP" 0.316227766016838 200 0.2 1
64.2490605918015 38.8607014176729 39.3433344035407 50.3507089251028 33.1412478885674 19.6773033519811 74.1526274643405 34.3869344401943 39.7815035068415 57.1984120031566 38.4072747049977 22.23626189711 33.7067465801063 66.6306966067329 22.4892199870156 60.2324642359411 89.1470712746618 9.94596895218839 26.5825469060398 "n_eff" 7 0 "SVNP" 0.316227766016838 200 0.2 2
1.03718255419488 1.02394110736716 1.01748107612989 1.01797379422971 1.03811850558351 1.06503562780766 0.999452453908023 1.03566342356477 1.01529009502783 0.999717118151077 1.02535874810573 1.04490952159563 1.02390801056783 1.0040827914977 1.08181106911173 1.00315791132207 0.986552166984281 1.09848253740914 1.06623906253262 "Rhat" 7 0 "SVNP" 0.316227766016838 200 0.2 2
55.3154969776232 29.2187139272198 40.2321759634885 18.5616397930067 63.871332340908 51.8934786887323 18.1882896629008 12.4714207460907 16.2465844281323 88.4717357426611 60.8055291541413 79.7747729942163 17.8546641097294 94.5164497570684 10.7380471360722 135.170756135721 138.152515787336 21.3114619519194 28.1965286266329 "n_eff" 7 0 "SVNP" 0.316227766016838 200 0.2 3
1.03595719640421 1.02776237186487 1.03887050193945 1.1159895508508 1.01364306781733 1.01986520399164 1.14232265411121 1.18117583973513 1.17310892075537 0.984737441354165 0.979849102531608 0.990928191525228 1.11366786842489 1.0037861856674 1.09923716772249 0.996526049948977 0.99566161002231 1.12049271349238 1.03481963672601 "Rhat" 7 0 "SVNP" 0.316227766016838 200 0.2 3
63.3073908600579 55.1338746124175 40.081964306971 55.1537466286774 77.3240584660442 81.0756980556223 57.9714097088973 29.1823298901032 63.6390363222279 58.9171322886847 37.1656778075828 72.499512672469 73.5836434518797 90.175571798253 85.1735841596469 38.6674027588117 63.2670526981909 27.0838245170338 36.0278264471427 "n_eff" 7 0 "SVNP" 0.316227766016838 200 0.2 4
1.01654600154712 1.08861407996361 1.04979527309498 1.08909944804725 1.03176561114006 1.0315499001815 1.02429114376037 1.0467797585372 1.02820404188153 0.999741748718276 1.06593094118973 1.01950637331791 1.0401745360751 1.01189015594469 0.983773358600565 1.02333976335888 1.03780367867096 1.07467774056037 1.01229543109025 "Rhat" 7 0 "SVNP" 0.316227766016838 200 0.2 4
80.107585520604 76.1510227015045 85.2177904630479 41.0974497296758 50.5981357420117 26.4396085065059 68.3403250633227 57.0746478936257 27.1554455109469 77.4133443959114 53.0222989208712 73.8721794457194 36.9718699019812 94.4670251255368 97.1591471377084 85.5590745454039 43.0808519071113 47.1097786419184 22.4315766357814 "n_eff" 7 0 "SVNP" 0.316227766016838 200 0.2 5
1.00516690949914 0.989173716901959 0.987735109837226 1.06662016250357 1.10542922229334 1.12216500780853 1.08331259276317 0.997674237164277 1.10337310005065 0.981774579706974 0.983019946300825 1.03364958231098 1.11079963307275 1.00407464107592 0.98718719522441 1.00564946145772 1.04689369787216 1.02531879546829 1.11586282102125 "Rhat" 7 0 "SVNP" 0.316227766016838 200 0.2 5
78.6141957631208 46.1697382450928 31.6475837652984 31.4154862082106 32.582602963831 175.285223790237 60.9098981305158 26.2044794098305 91.7052515471546 83.8404586480004 91.7756044144554 127.335528729142 16.0908433083889 42.17728135843 75.4399484822913 4.32799111452115 26.5110428376979 42.7221077933263 181.121190613125 "n_eff" 6 0 "SVNP" 0.1 100 0.5 1
0.995781116708094 1.0303072940292 1.06139401109253 1.00273947524863 1.03760585452895 0.982681834660097 1.00675298097745 1.0362689400414 0.99255080481752 0.994647875898073 1.01069277489451 0.991192617970321 1.14541110071355 1.02286063660171 0.998124494890503 1.22952255861806 1.00708217722537 1.02508459762685 0.985799664154731 "Rhat" 6 0 "SVNP" 0.1 100 0.5 1
59.2904972254163 66.6467025076997 85.2347365250103 136.611222349105 90.1407274718437 55.6703128704762 152.249522174738 65.074415799297 83.6922935657717 150.448255995802 99.0058731790277 137.167888660235 69.9522634530297 55.7290755871791 125.572483174879 69.4942451156637 200 52.0158426112041 10.6104912323749 "n_eff" 6 0 "SVNP" 0.1 100 0.5 2
0.998299577244074 1.00055178625053 0.989322393997597 0.989968470864461 0.987801481226062 1.05680852545222 0.98254709237145 1.00166937408706 1.00889565345104 0.986183161087387 0.984667208310003 0.980137611250499 0.994482722829834 1.00049219869651 0.980246583807101 0.986327970400053 0.981018720175599 1.01680142685407 1.16450305456531 "Rhat" 6 0 "SVNP" 0.1 100 0.5 2
144.084111912629 73.3018308143735 53.4653187664107 10.4835993039303 142.367057780478 92.1537265411294 12.0257554240309 59.0921500134393 53.6329779436886 86.8644105663711 80.8705281922465 50.5713949804447 9.65976168385343 144.756834842708 52.9316143045306 76.5032256703114 58.9704856495882 9.89873108806878 22.2599756281956 "n_eff" 6 0 "SVNP" 0.1 100 0.5 3
0.983932243034142 0.985591916036653 1.04691482135551 1.16195990422801 0.995329758993396 1.01453762306492 1.16430643467357 1.0115132902232 1.02730306742438 1.01117291530836 0.985518613702528 1.04394962101114 1.1775697647372 0.990267147742171 1.02180948449864 1.00382095082963 0.992481039099271 1.10634447547351 1.09835663004768 "Rhat" 6 0 "SVNP" 0.1 100 0.5 3
123.267940696296 100.891381925981 137.79161602608 33.7830545501737 200 29.7377020627934 9.02299688775679 200 70.3268817672837 200 92.7324381203736 107.776397535577 2.17950481030476 31.4515948082657 78.142766789046 110.994615248424 18.875033363335 134.095457251053 106.609962887437 "n_eff" 6 0 "SVNP" 0.1 100 0.5 4
1.01124857166551 0.983966718622417 0.995840266096392 1.04380726835771 0.98186421252898 1.01218240280562 1.07571320200728 0.982725696852476 1.00152587810816 1.00412703878332 0.988218161716625 1.00469344131605 1.42670526385927 1.03501367231239 0.998757865840947 0.987101189639329 1.0690820055904 1.0066785407871 0.98730375140785 "Rhat" 6 0 "SVNP" 0.1 100 0.5 4
159.672546998676 58.2857549395311 37.6324130327164 21.3638391184166 37.4760418062602 58.2055743861738 30.3645250947466 73.4981736427824 74.5995284456594 198.756295135734 177.050600585251 23.5472707545953 7.39787407895415 97.4053382393151 13.6425304241822 102.64047412018 40.1101573217274 25.1654896981838 88.751229778947 "n_eff" 6 0 "SVNP" 0.1 100 0.5 5
1.00327094086554 1.04918173816675 1.04761850367466 0.985973064122767 1.0011102715031 1.02694509235218 1.00769544216353 1.03335882968406 1.01493462783018 0.993996719155712 1.0231623985757 1.03298150185029 1.11009804834742 1.06758336700285 1.18570562306214 1.002136958664 0.981638410539878 1.00343515799581 0.999061400329143 "Rhat" 6 0 "SVNP" 0.1 100 0.5 5
122.297974060901 53.9545705286919 200 34.8134006062989 15.3184611081203 94.9017673512734 65.1333425040845 50.870202335714 45.0086541931421 64.564578008073 36.8735976278443 93.2423935498661 49.8649955937267 113.259163783849 42.5895411639538 96.5881074558023 107.488892795136 11.0398797906112 88.8590736580421 "n_eff" 6 0 "SVNP" 0.1 100 0.2 1
1.01069607972656 1.02685883955896 0.988117320686663 1.02839643720589 1.10183888477639 1.05307913347321 1.00355457610807 1.04165822383082 1.10108207815052 0.985939785441312 1.08972241319694 1.01600062253429 1.06816596192379 0.988858861410182 1.06625649797322 0.987456696937879 0.990960049431473 1.23166295975573 1.02134128199211 "Rhat" 6 0 "SVNP" 0.1 100 0.2 1
84.4564270116263 88.7480623763359 116.124066560523 43.1758801521015 121.054736558485 65.1603553314377 60.1299513912255 71.1394351302095 73.7480079070401 108.39963861411 87.377330472097 97.544921808931 18.2742282974402 50.4981614979949 67.4433446618286 118.795357467512 81.8084258332518 47.6604819613129 98.1921403668185 "n_eff" 6 0 "SVNP" 0.1 100 0.2 2
1.01041921685458 0.998477647918527 0.986236025399149 1.03608329419844 0.985031382039638 0.994267505921299 1.033684173018 0.998354862586918 0.995843632758365 0.984387504318683 0.994226826205374 0.986548190758518 1.094972576935 1.0204771275683 1.01751154918269 0.988994930003782 0.995778212099477 1.0325808086363 0.986467864607022 "Rhat" 6 0 "SVNP" 0.1 100 0.2 2
74.9207925392335 92.9595012392969 130.848528350684 96.6089414168143 57.1568357715907 87.1643097775949 84.9433313588312 66.8800211884558 65.2293158994053 133.359544674894 102.200320458822 137.256497742001 35.4472447719697 68.2749929065584 74.240312887391 70.4481200747549 76.1306861292266 46.7200318023878 82.0172849292074 "n_eff" 6 0 "SVNP" 0.1 100 0.2 3
1.00285919171536 0.988854475190643 1.02211176090823 0.98189307059678 1.01477779117036 1.02224735119082 0.997993760133927 0.995939724550353 1.0168600228417 0.99164663909675 1.01342263055786 1.00293745498671 1.00645530835716 1.00730226648291 1.00167620807631 1.00819414871726 0.983785514761671 1.00998433439875 1.03415306499206 "Rhat" 6 0 "SVNP" 0.1 100 0.2 3
104.68957279845 78.6038995220708 59.1004813804736 44.9805210802695 21.0105019671252 103.587774519907 35.0698063777119 63.275904847692 96.7537094252705 195.637371102552 86.1467720920116 38.1561543733792 19.1803216462727 52.7986350941789 31.4136966467345 126.75988658521 63.5164309503354 12.3699576648845 156.615029015187 "n_eff" 6 0 "SVNP" 0.1 100 0.2 4
0.98507929862957 0.988090850429344 1.02335300405119 1.01671296128547 1.00810203365656 0.988798072790728 0.99664089865933 0.998494741831981 0.980203286029243 0.997847543036275 1.01153785889643 1.00657939655146 1.00039033283152 1.02171569747455 1.01303534641718 1.01202781976542 1.01881206856735 1.02386608971347 0.994424085320237 "Rhat" 6 0 "SVNP" 0.1 100 0.2 4
48.6966752743901 96.5121309547232 76.8891776770987 19.7685371957943 32.0682676618297 71.9441204125028 6.49733367066871 43.0418410349861 73.6676938991584 39.6241648498211 121.427242315037 88.4310556984597 11.8711808902843 39.8200194054475 60.9587825824124 78.2580466471518 16.1217468010288 9.01853448428836 140.957673006788 "n_eff" 6 0 "SVNP" 0.1 100 0.2 5
1.01969887436067 0.996047734751639 1.00102595993723 1.11167147375625 1.08948373850545 1.01155915572025 1.10454295927662 1.03370466083021 1.00359423519232 1.03133505829892 0.988023289296764 0.983357579140069 1.121695526518 1.06894500853567 1.00371225599304 1.02106467669267 1.13431723583932 1.18405140701049 0.986800532098969 "Rhat" 6 0 "SVNP" 0.1 100 0.2 5
44.3113239892016 61.8788541326528 85.1220223779062 67.8482219289817 81.5334130946652 100.213760793925 86.983021685259 19.6741624891569 17.6207315838053 58.8790846622496 90.662269890759 99.7409858715769 94.187736062324 39.1968001454955 64.148246255507 86.8390540728614 109.525210239514 51.2006921889289 14.6958897265578 "n_eff" 7 0 "SVNP" 0.316227766016838 100 0.2 1
1.0475312397281 1.00482567008137 0.997218573752334 1.01395114349828 0.98519139182985 1.0129319687018 1.01333766647993 1.03252057758985 1.08385342819976 1.04162958927573 1.01787179946317 0.985463085842471 0.994237427919323 1.04147506063177 1.02861339343015 0.987032215414978 0.990751187838596 1.00485865511658 1.11172138516921 "Rhat" 7 0 "SVNP" 0.316227766016838 100 0.2 1
64.7372927486069 67.9426261907818 47.5262332705888 75.0101885891659 88.8440374947044 76.3576643670014 81.4682729169886 30.0287188436399 31.5437101389963 60.2909737766347 87.843785394574 81.9479397464098 73.2191395768707 62.8364461868877 54.6626388843795 89.9879512678209 106.311035195308 36.867177242594 13.6179573790795 "n_eff" 6 0 "SVNP" 0.316227766016838 100 0.2 2
0.992227517604566 0.9977913684316 1.0202992620209 0.991986124981971 0.985952944540009 1.0027275467153 0.982271039829676 1.01912185416594 1.01167752304224 0.987959800494592 0.997603339047224 0.988218135344803 0.990052066805343 0.999517966696958 1.02926162004008 1.00375471948816 0.987217725671304 1.03003574110231 1.16074467756446 "Rhat" 6 0 "SVNP" 0.316227766016838 100 0.2 2
37.0834410962063 85.2247350916344 16.792506127818 50.0764641387884 86.7765782632953 74.9032377849358 62.6540593160875 19.1254463138161 13.0250933981007 50.5815369718602 48.4661032430262 75.9440199618242 13.5947475318405 51.5659246352241 23.2280513177956 148.038537356245 79.8664464366287 38.322160653135 74.0733898830065 "n_eff" 6 0 "SVNP" 0.316227766016838 100 0.2 3
1.0245827759724 0.994832868683305 1.06394073925892 1.03123978969402 0.996517446956156 1.00987897544729 1.00512157253575 1.04466737093492 1.06752414262782 1.01536419318293 1.02077139330168 1.00356579154801 1.08821704640145 1.01192788864071 1.04196330550489 0.99711212871779 1.00766516149782 1.01631037689123 1.0222105264811 "Rhat" 6 0 "SVNP" 0.316227766016838 100 0.2 3
31.0204565483425 71.8704675388636 23.3096493478094 58.7238648926098 92.9102199029954 175.138083584861 200 6.53270697653097 9.94363806526035 122.706760473454 146.955747732807 48.5925763350776 94.6964235237186 77.479641025271 87.1645206822329 43.0420444032976 200 165.213210760966 84.9303586893647 "n_eff" 7 0 "SVNP" 0.316227766016838 100 0.2 4
1.02356147719983 0.990373919011566 1.1187669553772 1.00899969148269 0.990832700744391 0.99003990449585 0.986377264577782 1.1990841808753 1.18026091195846 0.99118382884091 0.990769469081539 1.04630883007335 1.02533090616203 0.999711571362864 1.01108054236415 1.03296671818162 0.98202825748601 1.0004681346365 0.989221885080325 "Rhat" 7 0 "SVNP" 0.316227766016838 100 0.2 4
24.7370563460162 34.0507331401413 53.2608746023286 81.1705044692222 44.026518474857 60.378779275542 63.7150501090599 30.6199933589099 58.5720923777669 59.9559038873506 61.552214169413 50.4500825214414 32.5876905845872 61.8345656078355 35.2344221164594 86.0314857261923 186.404689941843 39.676776268959 134.498566859723 "n_eff" 6 0 "SVNP" 0.316227766016838 100 0.2 5
1.06287598585465 1.03420186745518 1.01186436545075 0.989351009674719 1.01538367535257 0.989639100373095 0.987223802678634 1.03048356295092 1.01732086678078 1.05853324190091 1.03329895777287 0.993841419116018 1.09063690783261 0.992782573084265 0.995669103539533 0.986576415817401 0.981685628747241 1.0377325490823 0.996919015678247 "Rhat" 6 0 "SVNP" 0.316227766016838 100 0.2 5
148.161214180864 81.9633689001033 124.806879400355 116.524070250696 159.58914922912 118.118941187185 90.5780078215366 126.280590617386 140.777519870661 86.0612362784139 106.406146501174 7.75823605048129 2.76011900030849 65.3418967360784 35.5382756673602 200 95.7496985704294 82.9359799493339 190.335197630875 "n_eff" 7 0 "SVNP" 0.0316227766016838 100 0.2 1
0.989455762058211 0.987266207233988 0.988838217686221 0.985573735209719 0.987184429427983 0.985978331158223 1.00001548069248 0.994373485959623 0.985905729567276 1.00903846570463 0.989239032197542 1.09024563544984 1.64160150924059 1.00582425732401 0.999820843917802 0.989912947122753 0.98811306486185 0.985373021009548 1.00169350366237 "Rhat" 7 0 "SVNP" 0.0316227766016838 100 0.2 1
88.8194339451359 139.416762923681 106.957759319367 83.9861753239889 51.0649124599497 160.814734064504 81.4316660604829 105.069295128971 78.5735483668613 60.6113266916679 97.3291075874116 89.2086661414067 30.3346018065132 44.8095308609507 64.7529712157271 114.915575396001 87.5682934532176 101.021450722106 86.9588132124179 "n_eff" 6 0 "SVNP" 0.0316227766016838 100 0.2 2
0.987840372950395 0.996980428587828 0.989093908550457 1.02349378141808 1.02739669182765 0.99639803254736 1.0097152388195 0.98439724708366 0.98713124499059 0.991052882906958 0.985515394876211 1.00083370546892 1.00636891859983 1.0396739467072 1.01669278236862 0.991319273210418 0.995786119598257 1.00908147215716 1.01370328627951 "Rhat" 6 0 "SVNP" 0.0316227766016838 100 0.2 2
185.202300739613 86.6631369348196 172.964774727211 31.8649560552573 82.622637947273 27.2825504308017 74.9336223340534 179.134198945478 52.2597708362829 140.863803779041 48.1934495605829 180.881283206888 16.1853357061144 120.065109724833 32.1199842182242 102.699264644177 29.725928684333 74.9706053255694 103.534177011286 "n_eff" 6 0 "SVNP" 0.0316227766016838 100 0.2 3
0.981541628374571 0.987726231653973 0.983296873451711 1.04714863176097 1.01171964807997 1.02592949626409 0.997992657958982 0.989504733967449 1.00392062226847 0.986698921869253 1.02107501717447 0.990354836661955 1.0473198858754 0.992116035709174 1.03457873718845 0.996203342813297 1.07611879527765 1.01951598312697 0.986464124046203 "Rhat" 6 0 "SVNP" 0.0316227766016838 100 0.2 3
102.589983813313 75.885845350575 93.9888463026877 159.717857255531 181.101114173802 96.5684391030305 163.407137873316 146.838882874097 132.565670337442 94.9395206560026 129.563996471134 98.6214760812203 27.9579583592625 29.1067925628478 35.4742856000248 80.7253793305534 64.0387142635482 99.5770271878352 80.7606314328375 "n_eff" 6 0 "SVNP" 0.0316227766016838 100 0.2 4
0.981899782269574 0.992522887992104 0.993593858957266 0.982081055545832 0.990736269915789 1.00178375882449 0.982386009433632 0.995149873158044 0.983528123784102 1.00659837414565 1.00263328974282 0.995088800773305 1.03288081037769 0.991214059104272 1.02408487572557 0.995880526706132 1.05422665233071 0.994893146443977 1.00190681354301 "Rhat" 6 0 "SVNP" 0.0316227766016838 100 0.2 4
109.00750725855 51.4082404599414 90.9458477595748 69.7164550795048 137.331072611326 200 157.226406628761 119.964898605463 200 98.2380592139443 93.4292090067143 100.843999580036 63.4352172415133 189.620873512625 29.8734180980967 124.9807354581 174.909345019102 12.9606330658355 58.5780328545113 "n_eff" 7 0 "SVNP" 0.0316227766016838 100 0.2 5
0.98410719460094 1.0096966953434 1.00051923522122 0.985393728523575 1.00085509509764 0.992640144659378 0.984453080728507 1.00363537971807 0.992518385600834 0.993180767856973 0.983400575455694 1.0120346719882 1.01847686760977 1.01506701114042 1.04413060344517 1.00731508237855 0.98574257761858 1.06446681207072 1.01875834530481 "Rhat" 7 0 "SVNP" 0.0316227766016838 100 0.2 5
122.433628259866 53.3597230334805 90.3691533270112 78.0743249951637 130.957322168443 102.389042568442 86.8823053786231 200 92.5567548842862 88.9133829988676 112.061017571043 200 25.2529516281834 78.6570192811698 33.6368125367893 110.686977439091 71.231227922193 77.1980478799068 158.340761432833 "n_eff" 6 0 "SVNP" 0.0316227766016838 100 0.5 1
0.989153589482655 1.01836191379211 1.00029499960911 0.986811785913452 1.00131338867891 1.01060187646285 1.00366263621794 0.988412636675168 0.991747362314856 0.988359852056706 0.983472847166862 0.98576579393323 1.04656408983509 0.985799154701422 1.12964509975867 0.986478630889674 1.01734377030376 1.02329392248533 0.985234048358557 "Rhat" 6 0 "SVNP" 0.0316227766016838 100 0.5 1
117.284969947595 92.6536963132776 35.5676747936617 121.676715820897 110.965038173202 132.466194635875 135.921251297841 114.216565591088 200 61.7243785117219 167.898252553157 85.23107696871 10.5935988292484 104.713437696371 18.0957459906905 52.6740702056038 14.4100984573878 87.1782888795631 128.515917154801 "n_eff" 6 0 "SVNP" 0.0316227766016838 100 0.5 2
0.990989368881267 1.0047291707719 0.998691105779583 0.987990432908042 0.991601692727647 1.00830714559177 1.01210853063919 0.985508029384412 0.984155479302839 1.01504924940674 0.985574314969893 0.997626682527856 1.06669151618523 0.985665272612174 1.01502889671904 0.986184374901227 1.05103015776953 0.994276069946188 0.991353569319514 "Rhat" 6 0 "SVNP" 0.0316227766016838 100 0.5 2
127.847187778695 108.702360784729 122.387442400779 126.356888461341 101.792905790876 95.0435115932018 194.87688482622 84.8717230672343 98.9521442880436 102.750413502051 161.65854522999 130.248780461772 14.6863141228533 105.262599711918 73.0322981242583 68.5838483058582 102.910897460012 99.9325763799686 105.048229749253 "n_eff" 7 0 "SVNP" 0.0316227766016838 100 0.5 3
1.00468877552557 0.987018435182194 0.983634407055248 0.986414788819965 0.992640044170751 1.00209420423769 1.01138751249528 0.994214531218183 0.981234899225513 1.00184836837505 1.00484834729503 0.996030332583473 1.1228644228894 0.99709769962993 1.02841479132328 0.997595510130797 1.00770763128267 0.989287732248057 0.993708396908098 "Rhat" 7 0 "SVNP" 0.0316227766016838 100 0.5 3
177.305136350313 165.279335973146 111.808962185893 124.129022615474 142.678585540379 141.397514841499 32.8949317523468 110.252656613068 117.255752384406 54.3193020405481 200 95.3688596369108 12.2092715307216 110.549414420649 51.6638390875403 37.2822633470282 48.5916212100414 44.1612446088105 108.313167208282 "n_eff" 7 0 "SVNP" 0.0316227766016838 100 0.5 4
0.995979968324051 0.982658278640757 0.987454401035833 1.00007136746076 0.982946999815877 0.989453420714247 1.05362043227925 0.982553110943901 1.00756533359822 1.01231313583599 0.989140870157069 1.00227610816182 1.27400144595692 1.00202745727493 0.992227301476064 0.996469466553868 1.00084182712467 1.01484603785569 1.00591922808147 "Rhat" 7 0 "SVNP" 0.0316227766016838 100 0.5 4
85.8984777190336 130.521386620072 65.5341135188843 85.4731506568087 120.122843923301 50.1655817598659 137.271446639301 154.856213889634 76.3677810721913 118.332462803201 126.975333775572 128.434605027404 19.873505024649 131.983736064628 18.333776812611 100.22616319805 53.8228160069187 200 99.5270973374009 "n_eff" 6 0 "SVNP" 0.0316227766016838 100 0.5 5
1.01386068302929 1.02680101098966 1.05826471507927 0.985269986269438 1.00062234505051 1.0079884785374 1.01684242314105 0.992614292309146 0.990668704172378 1.00146850927851 0.982724981059087 1.0025124978574 1.13003795222306 0.988682895041828 1.20336057538634 1.00096779335884 0.988161426165201 0.980421160041262 0.989111755670747 "Rhat" 6 0 "SVNP" 0.0316227766016838 100 0.5 5
30.5974364329359 40.6907202866562 42.126090522966 35.160880349884 63.6194121980192 66.051530801622 36.3956822255407 33.4543869543995 29.7490008416616 77.1738964659639 70.1307351610805 51.396631832167 72.4058958381747 113.381446028712 11.5934828661413 112.471342797051 97.5097061390548 69.5983851352149 92.1966740303458 "n_eff" 6 0 "SVNP" 0.316227766016838 100 0.5 1
1.06073739545061 1.06291493526402 1.00693272244025 1.06077870830394 1.03843558389828 1.0339937799403 1.05472837092294 1.03133097136908 1.00875915828141 1.01404099177773 0.983759467211683 1.04169004864814 1.05544127587279 0.981508643664582 1.11314839347937 0.987636392642235 0.987511362765309 0.988272463503937 0.997609085156396 "Rhat" 6 0 "SVNP" 0.316227766016838 100 0.5 1
42.5642192124022 32.3374205673464 22.1643912775164 39.0017435817266 38.7154569322852 34.708434530381 12.9722169744808 10.7681321330735 8.88797439823085 36.1582408729239 37.7383642574877 34.1146785458524 15.6915377193265 9.72234318350659 29.7003979663605 27.6556391941715 31.8303381822216 41.5906161839768 5.54166385969156 "n_eff" 7 0 "SVNP" 0.316227766016838 100 0.5 2
1.00169257768634 1.07513674418943 1.12084845905206 1.03062279946441 1.04974220614355 1.01363865881547 1.18592427284627 1.30577155257277 1.39461755289482 1.09005217777346 1.00489764195111 1.10535812620376 1.11649368247545 1.14840652381835 1.0277298372909 1.0360430676876 1.03856697834342 1.02125296349137 1.26679334275753 "Rhat" 7 0 "SVNP" 0.316227766016838 100 0.5 2
35.6169402090621 41.2966337824825 33.156438263187 80.7545042397712 13.3129819609629 49.9818345613505 56.6918676066454 5.47304538997524 40.1552079631484 54.7316654558199 51.2392669666778 12.4871754833946 11.7103591226722 42.5168059817082 27.1475946729963 35.9733177076796 57.6408601214767 14.3282095788039 64.7911528656093 "n_eff" 7 0 "SVNP" 0.316227766016838 100 0.5 3
1.07696576552346 1.05022892443206 1.11516009168055 0.998427366028789 1.07212908566224 1.01669914249181 1.02153722327705 1.14065950568563 1.02060934559646 1.04206955372655 1.01188174385109 1.09865544561569 1.08503876757481 1.09051044855889 1.03319888781306 1.04383770475522 1.00191665141531 1.14490817700738 1.01647089853342 "Rhat" 7 0 "SVNP" 0.316227766016838 100 0.5 3
19.344345762001 54.8859832420813 22.0659907578572 56.3444136453414 60.1035732664539 83.4027979350014 46.7056069800844 16.2625291140175 55.2666708016241 40.7745866180043 69.0474104138249 71.4201418943486 51.3819830802804 90.8802885365379 86.6468464565198 17.6904378740268 112.91859412517 14.6932087935233 121.204013095515 "n_eff" 6 0 "SVNP" 0.316227766016838 100 0.5 4
1.11269573525047 1.0279003623911 1.05425983368958 1.03814789999811 0.99966319683993 0.983242760981812 1.02993630676281 1.11810242802002 1.0071052321889 1.01237156418999 1.00074997747242 0.990279513467707 0.992576027240187 0.991719558071415 0.998002077402597 1.11566658772954 0.994374220562319 1.1915343458266 0.9925215624281 "Rhat" 6 0 "SVNP" 0.316227766016838 100 0.5 4
37.6539369066094 31.1714834533718 44.7552938652018 43.0451763126694 83.2489164792999 84.7111943614463 37.0591841011627 43.3613449248872 68.4228439140452 77.2720079116907 50.8954427492484 85.9190418772852 86.1873412646824 83.6610110977719 78.9401465111078 106.556066451646 151.308004826572 83.9580233173062 200 "n_eff" 7 0 "SVNP" 0.316227766016838 100 0.5 5
1.11462507604288 1.07168543916491 1.00014681788543 1.01037782867002 0.987539873256023 0.988699268970375 1.00448109484462 1.00746375298337 0.999486874431728 0.985997699631086 1.00707008735655 0.991623355161931 0.984673389958336 0.999646128823175 0.981073741361678 1.00475978340466 1.00652787277335 1.0041065156039 0.990059681916793 "Rhat" 7 0 "SVNP" 0.316227766016838 100 0.5 5
69.9330419577804 42.2678173887332 109.013754964705 92.1799764668457 86.1485184793874 119.295131298416 64.6386175695026 53.4395691388156 37.8796631607118 107.176446842117 87.7253959650632 73.2857019587915 48.0815821977024 71.9622031702916 17.1066895318673 92.544723603241 107.347424041278 22.9896798738991 23.1549146488069 "n_eff" 6 0 "SVNP" 0.1 200 0.2 1
1.02396624158318 1.06044020935584 0.998186236907746 1.00311827592288 1.02584931678212 0.990022417807757 1.01374115783512 1.00957149629503 1.01690579288221 0.984724491454415 0.987324573975403 1.00253452476752 1.01726591048157 1.0480435134937 1.23539307562923 0.987056624543197 0.98621412917822 1.00070405457228 1.04960274726604 "Rhat" 6 0 "SVNP" 0.1 200 0.2 1
102.792249429438 97.9585083119766 86.231034946681 74.4269115953104 63.8448860629241 161.631022100148 49.9797400275769 15.7393152806998 32.7503160582129 102.66256514582 63.4842243697261 55.1882348311128 10.7427798585133 102.483443261219 65.6962695670592 153.639221036442 158.748952155528 55.7694932983593 44.47292162368 "n_eff" 6 0 "SVNP" 0.1 200 0.2 2
0.987870883333004 0.990740243334562 1.0114893673348 1.01585235874855 0.995375467479946 0.995274373336541 1.03433188367646 1.06365424685808 1.05787551746404 1.0010688959583 1.00358305686422 1.01122609040324 1.09357253972013 0.98089240443326 0.98543098914569 1.01073030582976 1.00407924921832 0.994037457417431 1.01843889824099 "Rhat" 6 0 "SVNP" 0.1 200 0.2 2
93.4243095495944 31.446308181888 137.621486174843 107.485535087502 39.6085325883837 115.473707891381 124.575967527621 71.0939748137095 94.0977738157793 62.2320026971529 132.953592174015 144.172600657548 53.177689668759 65.9570213529577 12.135087567198 200 109.388850907408 15.840540262294 128.072917389469 "n_eff" 6 0 "SVNP" 0.1 200 0.2 3
1.00590670327555 1.02430542324336 0.985882549763859 1.00715173164457 1.02176189726381 0.997009351176031 0.995557309448436 1.00503697257638 1.01065507470975 1.00848969710396 0.984090970444187 0.986308856657845 1.00885595951635 1.00831509335789 1.08444806229393 0.9939346348948 0.985240954332914 1.09300250995086 0.981884204798148 "Rhat" 6 0 "SVNP" 0.1 200 0.2 3
67.2800807094482 44.5495119858662 114.566194178637 53.5766103955666 121.17863273767 89.9200717483583 51.2086425394629 112.558855946468 119.137217561837 89.5433534597968 34.6452508211057 98.964334325069 20.9452804216253 83.6398713945786 31.6937300956031 63.3001950006547 124.997864563143 80.2948454507915 83.7943833797681 "n_eff" 6 0 "SVNP" 0.1 200 0.2 4
1.05369240268457 1.01405613896093 1.00255981331506 0.997828991498574 1.00178986090468 0.995607496523969 1.00545264651054 1.00471917219526 0.982631360454171 1.0051035897708 1.06625566107204 1.00100801510317 1.06480232305296 1.02586237550998 1.03037173294397 0.998065645516887 0.993513650049157 0.982462038487505 1.00016608668521 "Rhat" 6 0 "SVNP" 0.1 200 0.2 4
48.6258173519492 45.5490711899211 36.6416987547739 46.0123268620189 9.91653193203131 35.047448999616 35.3426438907343 74.8586269160861 27.3677796207596 93.343940204613 54.4774758732845 138.626710413867 3.8011258162666 56.8583673893258 12.7017343003777 164.000897234024 187.767690888012 5.23687565996107 84.3607222355814 "n_eff" 6 0 "SVNP" 0.1 200 0.2 5
1.0611876440685 1.07362073123936 1.01336469195236 1.01122557506068 1.14217151616139 1.02236512582593 1.01095050400485 1.02755675215328 1.01019354724375 1.03227542808246 1.06829592662804 0.988316202295297 1.21942792796283 1.03311341959517 1.22845663065761 1.00364257495807 0.990223676524202 1.27809997421769 1.01965877819074 "Rhat" 6 0 "SVNP" 0.1 200 0.2 5
118.116489890519 141.008586416028 113.42578042354 62.2160233772341 101.986883597495 113.557735269037 113.750720883693 62.4314127608707 82.2922004609246 77.4275667427602 76.1540730356537 112.965510452636 95.5464006886403 57.3943176576438 61.5765562217393 105.165538753409 99.6999175288282 36.821363208487 126.634982059998 "n_eff" 6 0 "SVNP" 0.1 200 0.5 1
0.980130879169575 0.984228887847069 1.00013128422894 0.998796359584679 1.00002173911907 0.996049006339515 0.98150627281954 1.02089518069016 1.0143754440401 1.00376329442041 0.995454565298728 0.997873684418589 1.00325253964705 1.01444413317754 1.00584182094866 0.988211394273594 0.985394764674353 1.04750787972646 1.01592819933326 "Rhat" 6 0 "SVNP" 0.1 200 0.5 1
112.928846033353 4.41077066149886 19.1337491240322 60.078259633692 44.9467349911075 50.1311476763757 46.9676286235763 18.2015649954326 15.6345094562967 92.8361506833267 34.6119657849594 15.7397980888335 14.4600502682395 68.0900396116676 12.0234015229823 123.144173817622 40.3815422050784 99.6059327284751 89.6395206893593 "n_eff" 6 0 "SVNP" 0.1 200 0.5 2
0.996590029257132 1.13900272967639 1.07233443883544 1.03182659959414 1.01662886694219 1.01296479837803 1.02068035054259 1.07867486638232 1.063299222862 1.00832473399372 1.02442265245733 1.05043847699866 1.05599354527728 1.02355717918114 1.07263379926446 0.985735555220121 1.03348137592081 0.982510060130293 0.99412959976092 "Rhat" 6 0 "SVNP" 0.1 200 0.5 2
60.9516867499559 93.7796965040148 29.748435641311 8.8725234072936 99.0857282795596 57.4779363056096 9.65210221315619 58.4781993260704 55.0358926109652 59.0454116671034 112.995150421506 56.4837373573242 12.04875061718 23.1407317918326 53.9141624371632 33.0784928908101 13.7752465608047 10.6399854792379 34.1845619268848 "n_eff" 7 0 "SVNP" 0.1 200 0.5 3
1.0023810661721 0.994351098848154 1.01665875780369 1.20103547450436 0.995279545934712 1.05191784650145 1.17073719217766 0.99502925178372 1.01263254806269 1.01241490816254 0.996275363935053 1.00561664215977 1.17111650120033 1.03792721090323 1.00112761577877 1.01339407584656 1.1140955715267 1.15179244928945 1.04971970552543 "Rhat" 7 0 "SVNP" 0.1 200 0.5 3
51.4193210008345 48.4702986951453 69.8015535578939 44.5829843573339 71.5071487162883 56.3459503429658 47.6408585109142 108.742864713701 47.1968740666298 86.3989831413706 59.3468684702015 200 36.3255811191573 40.2369043027391 21.8734361239942 32.996727226926 72.132707272864 51.0757059102979 112.023483234398 "n_eff" 6 0 "SVNP" 0.1 200 0.5 4
1.00801584568644 1.00074020883715 1.00521446344825 0.98157603757882 0.981008983420956 1.02087256218264 0.993266377077097 0.982461365981254 1.00675228341004 0.989844713104254 0.994987528763713 0.979917565021401 1.02024163931843 1.03478831482993 1.08885966901995 1.03608466702686 0.980045323098488 0.996016688832161 1.00366415285571 "Rhat" 6 0 "SVNP" 0.1 200 0.5 4
94.433348676792 100.155592270924 18.8867930286339 9.25948096969262 32.6793371851159 93.6739922176622 9.58159668749989 88.6733492558649 88.0340933134973 102.669331784849 109.209670904675 16.6242477303919 10.2263907488413 107.874134844776 26.6071030254884 15.2861471562132 35.4848512500258 9.06085906346098 200 "n_eff" 7 0 "SVNP" 0.1 200 0.5 5
1.00438571866817 0.989116067464391 1.11878442544086 1.29942064203671 1.0294853793873 0.989689246220415 1.27619451772312 1.01111976069515 0.986062657739817 0.99594979201997 1.00559224564607 1.09715282007622 1.293052679073 1.02138505371804 1.09134385115653 1.05771472165894 1.09117100740496 1.30625660984596 0.994605052922906 "Rhat" 7 0 "SVNP" 0.1 200 0.5 5
200 107.326903489948 121.300510337821 200 100.378626852932 200 139.7249311311 102.394120010826 200 200 57.6029690498094 108.165291149976 3.30773902324721 72.3793530816287 14.880407381407 87.2382142367399 111.048083697478 110.895002888476 192.238085499538 "n_eff" 7 0 "SVNP" 0.0316227766016838 200 0.5 1
0.982709925137876 0.990913851173736 0.999288518084814 0.987974603686517 1.02180412924819 1.01133584244944 0.984782558696959 1.01888857214842 0.987935519064165 0.981084840953654 1.04945239520834 1.0026100397271 1.25947434796992 1.01462442318716 1.11354707628583 0.990747775762462 1.01509160181284 0.998082620807215 0.987666268343495 "Rhat" 7 0 "SVNP" 0.0316227766016838 200 0.5 1
124.582722160871 138.000373912731 64.6522639605552 53.6029650896836 122.100948320711 77.7276026999786 107.855812040557 156.516367446522 115.285444502951 83.6208430376206 106.173792962052 88.3646107604249 8.14832683263269 58.3748893866329 31.0944169078761 52.8317871786713 21.9648644261383 64.8597308992644 165.164236293108 "n_eff" 7 0 "SVNP" 0.0316227766016838 200 0.5 2
0.983827577702474 0.999598003753827 0.990383372921243 1.03713338490073 0.990054423145184 1.04326814116651 0.987815550053194 0.991160213274369 0.992865540862699 0.98828918599853 0.989889609903425 1.01607935554116 1.24683650175038 1.0039919864904 1.02376057350354 0.990417690099873 1.1497713999274 0.981237412638983 1.00994903564624 "Rhat" 7 0 "SVNP" 0.0316227766016838 200 0.5 2
200 200 74.6524332174577 115.813796333869 69.003900173359 157.534578296124 118.659475961151 69.3783394418709 98.3720125498367 129.57858538779 138.568400988181 109.032889144964 10.1088538592089 200 80.6298621780963 57.6504299346034 146.860020024611 109.707745606318 200 "n_eff" 6 0 "SVNP" 0.0316227766016838 200 0.5 3
0.985511060958812 0.983292493535442 0.992997637631424 0.999278463635924 1.05231234943934 0.990645310899939 0.992665919934925 1.01528835128434 0.993185890748936 0.98500445746684 1.00048825843791 0.997835645999163 1.23313012994931 0.981070503102765 0.986520313922314 0.989007691148451 0.987539201044776 0.987121198006937 0.981474304328019 "Rhat" 6 0 "SVNP" 0.0316227766016838 200 0.5 3
174.49977469625 178.754259121266 200 114.567280558996 142.144717327073 70.7725151515029 47.1696834925472 58.960401722849 117.277854476549 200 159.017641266286 98.9435540481143 2.46569165484464 164.764181617065 61.5219681172459 125.015098630905 81.9983379121167 122.950955653317 71.7499996093595 "n_eff" 6 0 "SVNP" 0.0316227766016838 200 0.5 4
0.986786795809245 0.990316507282465 0.998963908670336 0.987897132862782 0.989705291053014 1.0184801097025 1.03132669541665 1.02416137268707 0.980153603073857 0.980664905896977 0.989693317585824 1.00714072021913 1.83148273009412 0.992197492842396 1.02445575716177 1.00205561855578 1.00004799344544 0.993075582649093 0.995208823316358 "Rhat" 6 0 "SVNP" 0.0316227766016838 200 0.5 4
168.288156624619 86.987602073556 63.192905644096 67.1569480432068 83.1366396518901 200 161.157315133632 111.279850362875 69.2488181865507 120.371978730377 96.7493875947231 88.6054708010838 8.39005776282829 88.5768948138273 61.7852101224492 126.168331865767 14.4570676449613 126.684140144185 133.989557647157 "n_eff" 6 0 "SVNP" 0.0316227766016838 200 0.5 5
0.997952557717374 0.992122036234007 1.02615052827882 1.06862955162707 1.01583529780668 0.986332489279576 0.989797655543798 0.99327571052 1.00820639610527 0.985371515635833 1.00060045903656 1.01665813448013 1.5039768847895 0.994281471841624 1.00402675576557 0.98268410688275 1.18491379123377 0.982282760616401 0.985114889281057 "Rhat" 6 0 "SVNP" 0.0316227766016838 200 0.5 5
135.846321921377 120.449082010992 106.574570170416 25.8700183862276 40.140718189929 36.1829919031348 41.6877024608236 94.8499671907479 85.2347528634932 103.619765566147 109.408320347538 74.9706924607911 5.43548351490405 68.6971230999791 35.3242043403287 53.4385798240833 18.5277863556957 27.5884165982893 19.7909212972098 "n_eff" 7 0 "SVNP" 0.0316227766016838 200 0.2 1
1.00551452793282 1.00116020249566 0.999365554790798 1.00021721957996 1.01059203880241 1.00538011445096 1.02868321327188 0.998347789815866 0.982446232392437 1.00443818807694 0.985542407943125 1.00213588559351 1.21339381401979 1.00282501845657 1.05817362642288 1.02729681273799 0.996882606458763 1.00589475373908 1.04634857387884 "Rhat" 7 0 "SVNP" 0.0316227766016838 200 0.2 1
126.036300535501 94.2631886497238 84.5545196613258 10.0196829258495 20.6473962746913 30.2428043243492 4.37931961725125 102.728585932754 134.080883735308 109.634330728409 200 91.1215381137421 1.64363091912436 33.6778623382626 40.8610669593728 87.1180414048563 37.5257441779668 11.3410686496608 34.682117709868 "n_eff" 6 0 "SVNP" 0.0316227766016838 200 0.2 2
1.00190779231616 1.00034764721964 1.01727951045853 1.08387470795469 1.05274679378298 1.02897963315062 1.12073338470926 0.985256593059927 0.998873793088174 1.00637924991328 0.988057013893376 1.02581782280228 1.6168614529469 1.04146650186908 1.01529648860473 0.990297011720674 1.03004493157571 1.1008561179333 1.04217471891827 "Rhat" 6 0 "SVNP" 0.0316227766016838 200 0.2 2
56.982644009359 70.7594647607934 94.9013593299816 33.9005165675752 33.0324437173197 117.069763495437 47.5122806674749 121.600972826835 105.44996428322 98.0973881361125 91.3529045958985 81.9775990016957 17.4463479864711 38.0354441921468 56.4596220520066 141.269028513948 71.9578802845202 29.5982677893173 98.4823189946571 "n_eff" 6 0 "SVNP" 0.0316227766016838 200 0.2 3
1.0003317003018 0.991436629706229 0.995452871993232 1.01646371444056 1.00664519263535 0.987151767585682 1.05281763741901 1.00950341718787 0.994170604641132 1.01266768975852 1.00286803914213 1.02901839366352 1.05939531606407 1.02056206539113 0.997089637218234 0.983468699785654 1.0024564896503 1.00826657323344 0.999672565890234 "Rhat" 6 0 "SVNP" 0.0316227766016838 200 0.2 3
82.1773344241577 86.9056471616428 34.0511638877093 123.172913115448 116.777583340923 56.3259534435617 66.2217206214603 96.1456966603017 40.8529876833418 105.097519979651 184.135758160273 75.6172804465385 8.78490712667888 95.630558619121 44.1886110873323 63.0126026946781 136.051218358997 122.31019606926 98.0336196643306 "n_eff" 6 0 "SVNP" 0.0316227766016838 200 0.2 4
0.983450257282074 1.01358918814559 1.04809700384129 1.00123409176191 1.00673662052872 1.00568678006887 1.02943886144884 1.03556482189547 1.02299686641319 0.993656501759821 0.98986808203952 0.996871825704617 1.36971395809878 0.98446270201278 1.01490322247264 1.04457765043655 0.986268790914908 1.00101972727669 1.00747911943922 "Rhat" 6 0 "SVNP" 0.0316227766016838 200 0.2 4
125.902996998378 129.977855539642 80.0637793014838 64.4437048128105 53.3571322327706 90.9559452739904 60.2869935069586 73.4555506680311 42.6110538825387 98.0739766389494 112.13509689156 137.082585396669 12.8009328518057 69.8371386629542 64.7935629905895 66.9072762399515 84.0556231518059 45.1033210739737 160.994976980629 "n_eff" 6 0 "SVNP" 0.0316227766016838 200 0.2 5
0.989953114630203 1.00539353832784 0.997848850539067 0.993734879075875 1.05656172591989 1.01404552761853 1.01081808454453 1.00405075014055 0.987781300216324 1.01605875250032 1.00148601843778 0.992630965150305 1.31664443347023 1.00418661881903 1.02995455078313 1.01872520992712 0.98597611291123 1.06113168586306 1.01343961905996 "Rhat" 6 0 "SVNP" 0.0316227766016838 200 0.2 5
15.4280370697299 11.7644661139646 16.2554628809363 18.1966848367654 23.294460289587 27.1043837655255 12.2084391481168 30.422538942076 27.0409946265577 14.2567572254916 16.1649764942795 9.44283240480232 41.8301626976509 64.5325006963798 22.9590472322192 34.7405163422744 146.052377789352 38.4848069273372 56.4575232620225 "n_eff" 7 0 "SVNP" 0.316227766016838 200 0.5 1
1.11252918192015 1.19449152216762 1.12057317489972 1.03890905096282 1.07175631905159 1.07318715145333 1.14895483291529 1.08390843608243 1.07184609551226 1.13536178056139 1.12555360796245 1.12986917949388 1.04101278934703 1.01113705435572 1.07044851025083 1.08650776967727 0.981356078771828 1.07852267588859 1.01392852593779 "Rhat" 7 0 "SVNP" 0.316227766016838 200 0.5 1
33.3922144534403 25.1717404059902 30.8279448717173 24.5916684580468 86.9140218670786 69.7890269686772 32.6614830409431 30.1599357817621 55.4304459333352 48.9267402557898 42.5060060375595 50.090503191003 29.6850097005962 107.210070587473 67.5607853463545 46.5849743830573 93.5639263956544 39.9464527496308 200 "n_eff" 7 0 "SVNP" 0.316227766016838 200 0.5 2
1.06454190573648 1.07828681038381 1.0212750609464 1.24216664438376 0.991293785679128 1.00716631420078 0.986442865038457 1.12089068046679 1.01892534644313 1.05600073903257 1.07574170650445 1.01875331678279 1.05948093309559 0.990966598168228 1.01269568083797 1.07409222859793 1.01816229604166 1.0850112986614 0.993481477150779 "Rhat" 7 0 "SVNP" 0.316227766016838 200 0.5 2
42.1964533473475 17.8024769753771 33.8638071942835 30.204808344566 66.2117820406693 57.5422536256395 36.9026675665358 34.9744852902659 34.570689220935 43.4959510230278 52.1858560831659 50.03879324972 55.0730500213485 72.4939354821708 22.2354103965702 71.979710860139 81.1773430814458 77.2750378253369 85.8372973117859 "n_eff" 7 0 "SVNP" 0.316227766016838 200 0.5 3
1.00930783179319 1.02432229943383 0.997073643470735 1.0883706433104 1.00243007179659 1.01480249442575 1.00775699725642 1.01082862786197 1.02533171259064 1.05215803034272 1.00534108720424 1.01310562262184 1.01657071577369 0.998071237768236 1.0254632323258 0.991899240532874 1.01485795644911 0.991362967943487 0.990760056927181 "Rhat" 7 0 "SVNP" 0.316227766016838 200 0.5 3
3.29642438524165 4.7954470460514 32.2916634713353 33.0708030276965 8.72339076366258 8.02628923616093 6.09133667110128 6.92487452969625 9.68178145368526 5.29079850590773 8.76529448345075 14.5401818235021 22.4742511990181 107.149297072958 54.3762499848834 46.4686768636388 95.0371633637907 91.0447618636581 128.542589165634 "n_eff" 7 0 "SVNP" 0.316227766016838 200 0.5 4
1.25367736630205 1.17419788618061 1.06414328034999 1.04706776464203 1.10793206861022 1.11986677636674 1.17415916200002 1.17882556733436 1.13518036857639 1.12730704926661 1.14199856925759 1.07291821436164 1.04369446968615 0.99672728504167 1.0563427635263 1.03342833281732 1.03071917457096 0.991492060745534 0.989910716213063 "Rhat" 7 0 "SVNP" 0.316227766016838 200 0.5 4
28.3514750632053 10.9831640615356 6.36727907099338 53.1226968423863 76.6144898699142 70.2280197218668 44.2886551019002 6.93674866351268 6.47678670179483 49.8742745379419 73.8817937614617 74.7161044609229 70.2826579983576 138.325573509715 11.0917371657622 62.840570978528 90.3112639996761 37.7233114072985 129.614881856324 "n_eff" 7 0 "SVNP" 0.316227766016838 200 0.5 5
1.13827754697856 1.17138866106085 1.38227548730488 1.02690154895823 1.00771355349996 0.994057785905757 1.05734982973579 1.40582762678703 1.38287112966114 1.0428625933045 1.03477686072093 1.00084261127213 0.980486466630268 1.02041527375736 1.09163758785999 0.996687006575899 1.00804729420918 1.01177306657195 1.01610383956512 "Rhat" 7 0 "SVNP" 0.316227766016838 200 0.5 5
16.6931311040366 52.9739501878577 34.1276400242114 59.1337511327831 75.6829241234816 75.3731455715379 75.2303698699129 14.5296598617828 8.43183192043385 58.3259851605639 89.1323092338133 99.8597440761263 79.0514534403848 43.0272489208432 88.0303567624463 193.007800738869 80.6454424264761 44.6119675153063 21.2287423324216 "n_eff" 7 0 "SVNP" 0.316227766016838 200 0.2 1
1.09605209840016 1.00780447061433 1.04026338445738 1.01838403125816 0.990354341207442 0.982565548486912 1.01082809798588 1.22448616725536 1.2358044155716 0.998940636145848 1.01222428324064 0.983758487045981 0.995208129268777 1.01147210841104 0.995576506166559 0.980907941363766 1.00084710611537 1.01164069618785 1.04192341511233 "Rhat" 7 0 "SVNP" 0.316227766016838 200 0.2 1
37.0570701310926 49.6238401852835 38.2229290070365 66.7769347042949 98.7258624644377 88.2569105558441 84.3103833024188 10.4391077713066 18.1118722544323 78.2257304298316 68.982037654897 100.636880431351 81.9371781575656 100.914835667228 33.1851787542334 118.518580600939 100.10490850662 19.6361383945007 118.638225626354 "n_eff" 6 0 "SVNP" 0.316227766016838 200 0.2 2
1.05560460030969 1.02501661198323 1.04211768693728 0.983379157528644 1.01205796420765 1.00710687337709 1.03288673753751 1.29630804036068 1.18577134182623 1.00074346786526 1.04384346799991 0.998950375598423 1.01050875790823 1.02142341774436 1.06299509891723 0.991411920857593 1.01951290565849 1.06477538809446 0.987161671247463 "Rhat" 6 0 "SVNP" 0.316227766016838 200 0.2 2
39.2590750023359 72.6000228380693 82.6524132675012 67.0543742328464 85.8697347400996 62.8733529944595 54.4226816231199 73.7312744834217 37.4217758779769 39.3712442689101 64.8550358891383 59.9762564375885 59.5821588340865 67.328711166669 86.7568015837665 92.5755069676516 131.295177698191 65.2655913919687 16.5967282647121 "n_eff" 7 0 "SVNP" 0.316227766016838 200 0.2 3
1.00303000113899 0.993737253795735 0.98840250350829 0.981826228501967 1.00440607496136 0.993421929842586 0.988740511260021 0.993600415791369 1.0790914671811 1.02186499065034 1.02188853792799 0.99194800420611 1.0124282338938 1.00917968356494 1.03382917720406 0.983323861584335 0.996386108376429 1.03878269019066 1.12248243971524 "Rhat" 7 0 "SVNP" 0.316227766016838 200 0.2 3
28.129932422504 42.132520844132 34.3871219666425 91.5344585117754 56.3246138614356 74.3625746556541 66.2922471836534 35.9187123031348 46.3561170553656 47.115689011731 44.4809856306407 53.3657847108721 49.0315855166883 26.2115231445953 10.9564839812228 44.4047489045965 58.776370774089 91.3725515229328 65.850964335351 "n_eff" 7 0 "SVNP" 0.316227766016838 200 0.2 4
1.07764341049083 0.99682797787039 0.997989171334357 0.989400657994289 1.02022393313894 1.00624531813655 1.0056335091893 1.01798182570401 1.02133493241767 1.03422064500194 1.00662818632405 0.983421619420072 0.99697216727676 1.03469385099778 1.14151642684648 1.03350326060564 1.03199765383973 1.00667831267663 1.01011199577714 "Rhat" 7 0 "SVNP" 0.316227766016838 200 0.2 4
64.617770466699 54.7986577444315 61.1362531773645 76.7868904834106 85.28148465711 102.781192745393 87.7189989023012 35.1940869144991 25.5474286187224 82.1312210999923 54.1865398254651 74.3855052762139 74.7650632006123 98.6726358831522 125.924391646881 93.700965027273 142.229119281019 38.0569462000714 23.7848272966576 "n_eff" 7 0 "SVNP" 0.316227766016838 200 0.2 5
1.0212296816185 1.02104306329081 1.04869050555325 1.03182364799829 0.999368139453198 0.996674919223931 1.03553056544067 0.995759783231688 1.07091986719439 1.02282868298836 1.01387023148411 0.994957339948753 1.05300115397325 1.00115221127638 0.985285110760457 0.989029760421311 1.00527240211151 1.01398584163906 1.06511203858838 "Rhat" 7 0 "SVNP" 0.316227766016838 200 0.2 5
