"","biasMain_1","biasMain_2","biasMain_3","biasMain_4","biasMain_5","biasMain_6","biasCross_1","biasCross_2","biasCross_3","biasCross_4","biasCross_5","biasCross_6","biasFactCorr_1","biasFactCorr_2","biasFactCorr_3","biasFactCorr_4","biasFactCorr_5","biasFactCorr_6","biasTheta_1","biasTheta_2","biasTheta_3","biasTheta_4","biasTheta_5","biasTheta_6","prior","sigma","N","iteration"
"1",0.0707373905,0.0829784335,0.38017940575,0.75946171475,0.220132461,0.148126675852175,0.800078122895018,1.84338293225e-05,0.0002383975293125,5.818739574e-05,2.1162424825e-06,0.799893707990873,0.50068768675,0.50068768675,0.50068768675,0.50068768675,0.50068768675,0.50068768675,0.05244344125,0.00859414800000002,0.39080379725,0.00483806910000001,0.18002612375,0.05519553525,"SVNP",0.01,200,1
"2",0.0613252685,0.0654120005,0.3945673075,0.79017449425,0.238804527075,0.122473050535,0.800367358162673,0.0003737002793,2.69825005375e-05,0.00015060094456,4.709569842e-05,0.80008776705695,1.4659364185,1.4659364185,1.4659364185,1.4659364185,1.4659364185,1.4659364185,0.00512470600000003,0.05791134075,0.3736475775,0.0567611725,0.2074852555,0.11981782575,"SVNP",0.01,200,2
"3",0.05833870925,0.1276816465,0.478662349,0.67531586275,0.14637799775,0.081531989455,0.799979956581595,4.1458903455e-05,5.88039107874999e-06,1.99954458475e-05,5.53590968e-06,0.799766394465053,0.50041592275,0.50041592275,0.50041592275,0.50041592275,0.50041592275,0.50041592275,0.00651763299999997,0.0462240405,0.27788029525,0.04912304125,0.19921225375,0.06309480625,"SVNP",0.01,200,3
"4",0.040853667,0.0424501935,0.4784255175,0.86826214525,0.2003942578,0.08760531101125,0.799893762985675,0.0002236778783825,9.480295762e-05,0.0002335859880575,3.31697610005e-05,0.800063290697258,0.499711815,0.499711815,0.499711815,0.499711815,0.499711815,0.499711815,0.05505671475,0.03005605075,0.398919116,0.074045139875,0.1291532425,0.01071743475,"SVNP",0.01,200,4
"5",0.065427778,0.0344766025,0.5285481785,0.90024090275,0.1908723725,0.079143010825,0.80021787012761,0.0001654573553325,2.78665306875e-05,0.00014610675420525,0.000192959824105,0.800161750790375,1.478877663,1.478877663,1.478877663,1.478877663,1.478877663,1.478877663,0.027169938,0.03337520175,0.60342720625,0.13317571498,0.161888307,0.01542596175,"SVNP",0.01,200,5
"6",0.0147826945,0.0840350135,0.45411594975,0.7794599775,0.14154688,0.102241053737975,0.799977739831873,0.0004246423736475,2.42293996125e-05,0.00011689404901,0.000103303508165,0.799837702409793,0.476164258,0.476164258,0.476164258,0.476164258,0.476164258,0.476164258,0.02099961575,0.09218334075,0.34323339,0.0754153872925,0.16327577575,0.02663192325,"SVNP",0.01,200,6
"7",0.01368131325,0.04577272175,0.534521321,0.72398156525,0.10838236525,0.00853111207500001,0.800214774799817,8.72555826975e-05,6.418667460225e-05,0.0001120400200375,0.000106667166401,0.7998421921336,0.50004268525,0.50004268525,0.50004268525,0.50004268525,0.50004268525,0.50004268525,0.00172563149999999,0.04203810725,0.35002182775,0.0467350245,0.07456011675,0.05115843475,"SVNP",0.01,200,7
"8",0.00056587575,0.031272716,0.39066250725,0.89239087625,0.27556420755,0.072565675325,0.79997957803934,8.81509722950002e-06,1.9043192525e-05,0.00013721782078975,3.666807809e-05,0.800181688787711,0.5003046515,0.5003046515,0.5003046515,0.5003046515,0.5003046515,0.5003046515,0.010235876,0.025655967,0.43333629575,0.1314744214335,0.20283725675,0.0447386765,"SVNP",0.01,200,8
"9",0.04546220375,0.0948959942499999,0.350931901,0.72021558075,0.233759262,0.1661693219425,0.799997284414933,9.3217570337e-05,0.000253092425805,5.627800487925e-05,4.702892691e-05,0.799752774427558,0.50017604975,0.50017604975,0.50017604975,0.50017604975,0.50017604975,0.50017604975,0.05047143275,0.0025115355,0.46977042425,0.049817293675,0.2677388085,0.0816944275,"SVNP",0.01,200,9
"10",0.01300783225,0.01203505525,0.510806738,0.79483129625,0.21006050175,0.056826418375,0.800140804132038,4.4537521925e-06,3.238032818675e-05,0.0001384140214465,0.000215806799428725,0.799941254700248,0.49974447775,0.49974447775,0.49974447775,0.49974447775,0.49974447775,0.49974447775,0.02393419875,0.03882500475,0.46628456375,0.00198264662499997,0.1471171345,0.08596252175,"SVNP",0.01,200,10
"11",0.0928150245,0.052260701,0.44812382425,0.74243488225,0.271586442,0.0995469429325,0.800076196060825,0.0003425185842175,0.0001267906337425,1.85121701775e-05,0.00015983972285,0.800378042708333,1.45773735425,1.45773735425,1.45773735425,1.45773735425,1.45773735425,1.45773735425,0.00760295024999996,0.0182551565,0.376578607,0.066086942575,0.11797868825,0.06566376825,"SVNP",0.01,200,11
"12",0.0274243015,0.12585264725,0.57838882525,0.6775766815,0.12311504625,0.0127925271,0.80011287627368,9.75872092075e-05,0.000153376577655,0.0001323942447905,7.6409555065e-05,0.800260892838785,1.474559625,1.474559625,1.474559625,1.474559625,1.474559625,1.474559625,0.0161736175,0.08287731775,0.25402322975,0.03703274,0.00963441674999999,0.0384370445,"SVNP",0.01,200,12
"13",0.041364139,0.04634916,0.62741676925,0.83150184275,0.16586646925,0.0782163715125,0.799817417934945,0.00041849009016375,9.36136643825e-05,2.5129238205e-05,1.79771310725e-05,0.799769624909735,0.4830895825,0.4830895825,0.4830895825,0.4830895825,0.4830895825,0.4830895825,0.00605918375000003,0.1109109525,0.3942263285,0.132659876375,0.2124129,0.04784477075,"SVNP",0.01,200,13
"14",0.00276658299999999,0.0687890799999999,0.4892283695,0.86719079075,0.1933764245,0.060509184225,0.800001215361607,0.00010369497593,6.2145419245e-05,0.00012178936798875,0.00021319955534,0.800327675767358,1.474288101,1.474288101,1.474288101,1.474288101,1.474288101,1.474288101,0.048437298,0.11428099475,0.26742488075,0.088203489375,0.127435576,0.03965137025,"SVNP",0.01,200,14
"15",0.06990541225,0.0210924877500001,0.417323454,0.69156203275,0.231205491425,0.058205705925,0.799749378799062,0.000388130114245,0.0001796981536625,0.0004119121696025,9.5843959415e-05,0.799781105424225,0.47218761475,0.47218761475,0.47218761475,0.47218761475,0.47218761475,0.47218761475,0.02244563975,0.0385006735,0.31788779625,0.0351853235,0.17617089475,0.023088878,"SVNP",0.01,200,15
"16",0.03864817825,0.01876544025,0.4573563095,0.77352565475,0.1407071865,0.079109324675,0.800155093439625,0.00017343850263,2.07897730775e-05,0.0001141484342625,0.0003334347576825,0.800389971742468,1.46810576175,1.46810576175,1.46810576175,1.46810576175,1.46810576175,1.46810576175,0.07162157975,0.059169025,0.28760622025,0.013929392075,0.15186980525,0.040476219,"SVNP",0.01,200,16
"17",0.04580547025,0.16571330125,0.60439458225,0.58113410575,0.04051216,0.00430922785000001,0.799726635363223,0.0002330150976675,8.2291310645e-05,5.237558012525e-05,0.0001049821362425,0.799949177263283,0.47532974475,0.47532974475,0.47532974475,0.47532974475,0.47532974475,0.47532974475,0.07685795375,0.08676806125,0.24437057225,0.20084380475,0.0694506355,0.034274982,"SVNP",0.01,200,17
"18",0.01952625175,0.00171907500000001,0.43381116175,0.79886999,0.1953027945,0.040919996275,0.8001222863681,0.00014935248517,0.0001582261167125,0.000181279855486,0.00021714829816,0.799843389294455,0.501165378,0.501165378,0.501165378,0.501165378,0.501165378,0.501165378,0.0841095055,0.05078922575,0.387943825,0.03707013723,0.18733735675,0.069875505,"SVNP",0.01,200,18
"19",0.04049639025,0.0381615092499999,0.401521971,0.8435605815,0.266288460175,0.14545393960625,0.800025074482365,0.0004261931822325,9.0498334885e-05,0.000126401095225,0.000150497093,0.800089236323767,0.4989022835,0.4989022835,0.4989022835,0.4989022835,0.4989022835,0.4989022835,0.019239507,0.032663035,0.42056863625,0.0350348769,0.23639363025,0.06030682425,"SVNP",0.01,200,19
"20",0.0172447295,0.069177312,0.424862492,0.861344474,0.2702692843,0.165770891373715,0.800367587086963,0.0003057878084725,0.000439341656285,0.0001093937157325,8.8883408955e-05,0.800402723627505,1.4616384095,1.4616384095,1.4616384095,1.4616384095,1.4616384095,1.4616384095,0.00767854100000004,0.01789961375,0.46548880025,0.08173693608375,0.17939228225,0.021632874,"SVNP",0.01,200,20
"21",0.0131242137499999,0.057617661,0.2743167705,0.841206841,0.234791145625,0.0944040692875,0.79998759900246,0.000107784659875,0.000132889290925,3.32414833925e-05,3.7052844775e-05,0.800003256770303,0.4999545505,0.4999545505,0.4999545505,0.4999545505,0.4999545505,0.4999545505,0.0342228885,0.1893537505,0.2681544535,0.1313867693595,0.15684464275,0.04274816325,"SVNP",0.01,200,21
"22",0.00201806125000004,0.03850905975,0.53371191,0.87511360275,0.2633979805,0.0706877689525,0.800190433920863,0.0001979959225825,5.5646089605e-05,0.0002186976315945,0.000222927914885,0.800364964441999,1.457455421,1.457455421,1.457455421,1.457455421,1.457455421,1.457455421,0.00874008100000001,0.0562087985,0.4951801375,0.0562379057975,0.1404534775,0.00316279200000003,"SVNP",0.01,200,22
"23",0.03442532825,0.032527269,0.4211371865,0.75315013975,0.1390323555,0.099036960615,0.799716340426399,0.000259296917495,0.00022022423164,0.00018254159543475,4.86784912999981e-07,0.799664409730972,0.4810151785,0.4810151785,0.4810151785,0.4810151785,0.4810151785,0.4810151785,0.02122104175,0.03103256775,0.60313566025,0.0604843374,0.07108074075,0.02487974225,"SVNP",0.01,200,23
"24",0.01776003,0.029300215,0.5400293695,0.6689600605,0.2253049865525,0.037696548925,0.799860207955405,7.06822665140001e-06,4.49795062375e-05,0.0001251830068,0.0001980078971175,0.799659628637198,0.461377576,0.461377576,0.461377576,0.461377576,0.461377576,0.461377576,0.127710209,0.11433679325,0.31268956875,0.09498505105,0.09982626025,0.00754485574999997,"SVNP",0.01,200,24
"25",0.0267870835,0.00328026000000003,0.4193347455,0.8203175055,0.205110739625,0.052543119925,0.800002331418175,0.0002856300856725,8.355596889e-05,0.000193509720525,7.636561084725e-05,0.79965188988243,0.47312142225,0.47312142225,0.47312142225,0.47312142225,0.47312142225,0.47312142225,0.000205474499999969,0.0187230805,0.45544546475,0.019126258425,0.116186012,0.06219363175,"SVNP",0.01,200,25
"26",0.0298231155000001,0.0735712835,0.55595006575,0.92095361275,0.14341523675,0.03263532125,0.79984572536744,0.000158907132886,8.32428650749999e-06,9.6038896035e-05,8.8380010711e-05,0.799917423267312,0.5002174055,0.5002174055,0.5002174055,0.5002174055,0.5002174055,0.5002174055,0.03194212625,0.1088541155,0.3195521845,0.0841834333175,0.18312392325,0.0199590845,"SVNP",0.01,200,26
"27",0.07252365425,0.05971034075,0.54684588025,0.740218773,0.198560279725,0.043430427825,0.799705194283795,0.0003309043744075,5.5738748475e-06,0.0004205021080225,0.000171615837405,0.799696132987795,0.4728184235,0.4728184235,0.4728184235,0.4728184235,0.4728184235,0.4728184235,0.000523374249999986,0.080783613125,0.52427185475,0.08673803625,0.23960456075,0.00118643274999997,"SVNP",0.01,200,27
"28",0.01521741525,0.167251073,0.578722604,0.72351869875,0.09862897725,0.055565249925,0.799760610284163,0.00037379559969275,0.0001829556989245,1.0247807177e-05,7.9622023485e-05,0.799811309190398,0.47892671725,0.47892671725,0.47892671725,0.47892671725,0.47892671725,0.47892671725,0.03477923075,0.06766433625,0.180264969,0.00565179075,0.10852974,0.02122216375,"SVNP",0.01,200,28
"29",0.066811952,0.04323747775,0.46289703625,0.7235557085,0.18931480025,0.111030566525,0.800242220734884,0.000525205433095,6.5273747355e-05,1.46695240625e-05,9.91948525025001e-06,0.800293816004378,1.45548822475,1.45548822475,1.45548822475,1.45548822475,1.45548822475,1.45548822475,0.01391364275,0.1019622245,0.32970967525,0.014618477825,0.15377254775,0.06591649025,"SVNP",0.01,200,29
"30",0.0214995135,0.0198303990000001,0.53902827675,0.79977847475,0.130656464,0.1048115247475,0.799675791719605,2.002100937e-05,0.000160257789936775,0.0001455628841105,9.833079398725e-05,0.799814413480193,0.48394405175,0.48394405175,0.48394405175,0.48394405175,0.48394405175,0.48394405175,0.01582136125,0.0933632895,0.36198112975,0.04124132965,0.13767055925,0.0166118735,"SVNP",0.01,200,30
"31",0.024803983,0.01274799575,0.37364645,0.94280328225,0.15402373475,0.085086323897,0.800117874428519,0.0002999716877675,7.296548610175e-05,0.0001524586512125,9.46019530525e-05,0.800180142591308,1.47249037175,1.47249037175,1.47249037175,1.47249037175,1.47249037175,1.47249037175,0.026013139,0.0235728645,0.41263732775,0.1133044998635,0.211375248,0.085787488,"SVNP",0.01,200,31
"32",0.07840727575,0.06596897575,0.377922199,0.7554400075,0.184856988375,0.14241656848325,0.800005549842299,9.00651001125e-05,2.764870148975e-05,3.797449264925e-05,0.000349948634285,0.800022725484184,0.502901711,0.502901711,0.502901711,0.502901711,0.502901711,0.502901711,0.0718231785,0.00946126349999998,0.41858840925,0.025726999314,0.266599487,0.05699650925,"SVNP",0.01,200,32
"33",0.02298673775,0.01222378675,0.57542170575,0.82765695375,0.107430585,0.078084161025,0.800124854504353,0.0002270691672125,0.0001073135137225,5.33009678425e-05,4.55851877525e-05,0.800359947241275,1.48561211675,1.48561211675,1.48561211675,1.48561211675,1.48561211675,1.48561211675,0.0468497675,0.0535237835,0.28768806825,0.0742224775,0.0561746305,0.03539119225,"SVNP",0.01,200,33
"34",0.03088568475,0.11356513975,0.39586123625,0.69668527025,0.221875509825,0.16875624242245,0.799725061527538,7.7347665131e-05,1.80439037375e-05,0.000337720059765,1.458655122e-05,0.800026260177005,0.49874581975,0.49874581975,0.49874581975,0.49874581975,0.49874581975,0.49874581975,0.0409938555,0.03066023,0.30882919425,0.00639247327499998,0.17485974825,0.05083912225,"SVNP",0.01,200,34
"35",0.0874070395,0.1199071015,0.593697748,0.69473920425,0.07713934975,0.00485856125,0.799898498819393,4.97302736225e-05,4.65004231774999e-06,0.0001034151902175,8.5646364175e-05,0.799896115871325,0.50000190975,0.50000190975,0.50000190975,0.50000190975,0.50000190975,0.50000190975,0.0622377105,0.13217646325,0.26567274825,0.02670118535,0.02913091475,0.041538792,"SVNP",0.01,200,35
"36",0.043719165,0.015838668,0.64425344975,0.8434973135,0.1119102855,0.003215144625,0.80000640428999,0.000284496889385475,0.000143839962329,5.82980214325e-05,1.5992662285e-05,0.800180767414565,1.484781554,1.484781554,1.484781554,1.484781554,1.484781554,1.484781554,0.04410519625,0.11447043775,0.22867940725,0.01081302415,0.10809144525,0.02035164675,"SVNP",0.01,200,36
"37",0.01019537175,0.02795399925,0.6230224535,0.803546447,0.1845245265,0.0413274591,0.79986230199685,0.0003751666167825,0.0002056144432505,0.00012892455804,4.62572827675e-05,0.79983114431998,0.4802544105,0.4802544105,0.4802544105,0.4802544105,0.4802544105,0.4802544105,0.0495653555,0.05499822525,0.29717012575,0.00603093532499999,0.16276082375,0.02988408975,"SVNP",0.01,200,37
"38",0.06795695925,0.06864985475,0.49013982225,0.7018885,0.263816885725,0.1259308744275,0.800165756761042,0.00017614495369975,2.50647571605e-05,0.00016221015403475,1.55072219225e-05,0.80005320085285,0.500761985,0.500761985,0.500761985,0.500761985,0.500761985,0.500761985,0.05767852825,0.00516603775000002,0.3737815795,0.00252858745000001,0.1703819135,0.03818892175,"SVNP",0.01,200,38
"39",0.0594914815000001,0.0470741465,0.518595846,0.77629719325,0.0920363675,0.1050721185075,0.800272065935084,0.000204571919175,0.000136245563125,0.00010467971673,0.000336808566912,0.800226930865558,1.471926212,1.471926212,1.471926212,1.471926212,1.471926212,1.471926212,0.0363276725,0.05604590525,0.4369079065,0.070715948675,0.14347178325,0.02112384525,"SVNP",0.01,200,39
"40",0.142544719,0.0571514525,0.56792254325,0.70914989,0.05816408,0.064103487272,0.800132985668058,9.2039804975e-05,0.0001012443453825,0.0001440852646875,3.6265270745e-05,0.79994018243804,0.50018496025,0.50018496025,0.50018496025,0.50018496025,0.50018496025,0.50018496025,0.05402693675,0.1974815835,0.29185299875,0.140962941,0.17079968275,0.058453491,"SVNP",0.01,200,40
"41",0.053388447,0.090072673,0.35736321925,0.75287070275,0.194880454225,0.09461830343,0.799990101915925,2.39614037425e-05,0.000190886882825,0.0001274001456675,7.7848945715e-05,0.799940283029745,0.4994541615,0.4994541615,0.4994541615,0.4994541615,0.4994541615,0.4994541615,0.02829586625,0.0041181515,0.46089070875,0.048511767325,0.22428905575,0.0561488595,"SVNP",0.01,200,41
"42",0.01801892175,0.050551951,0.45635666125,0.8187912925,0.205497713,0.00462503345000001,0.800060677610228,0.0003229841264975,0.000100074789575,7.030541314e-05,0.0001292774702075,0.800364548205095,1.46923169575,1.46923169575,1.46923169575,1.46923169575,1.46923169575,1.46923169575,0.0328277745,0.02721121925,0.36681852875,0.041636508225,0.13933226575,0.114178908,"SVNP",0.01,200,42
"43",0.07900845175,0.03695625,0.5813607375,0.72500336825,0.11941311275,0.10660201820925,0.79971454611275,0.000126995148865,0.000127835152287,0.00017775208047475,2.87170864525e-05,0.799736659505128,0.48076904525,0.48076904525,0.48076904525,0.48076904525,0.48076904525,0.48076904525,0.0324162215,0.1042201445,0.22975184925,0.07519387975,0.08375934275,0.04435134075,"SVNP",0.01,200,43
"44",0.075383909,0.05617143925,0.39663028225,0.73443483575,0.205420429275,0.0313590251,0.799885353018625,0.0002274717426325,2.799539577e-05,9.18068178725e-05,0.0003114419693225,0.799817410007433,0.47733075175,0.47733075175,0.47733075175,0.47733075175,0.47733075175,0.47733075175,0.04188546925,0.1314947585,0.28832586875,0.04108973335,0.225206562,0.059688527,"SVNP",0.01,200,44
"45",0.0558016775,0.0953829485,0.534713778,0.712835947,0.12064012625,0.019179176825,0.799767903416687,9.1456086785e-05,3.191200546025e-05,6.459784728775e-06,6.400508891e-05,0.800096128218888,0.50007280575,0.50007280575,0.50007280575,0.50007280575,0.50007280575,0.50007280575,0.01015778875,0.06770599425,0.53909361175,0.017698183,0.103069917,0.08206499075,"SVNP",0.01,200,45
"46",0.01895282125,0.02413308525,0.464014986,0.7472231615,0.17236765825,0.1076074541275,0.800374056428275,0.00022101916149625,0.0001235701299575,0.000290212568085,0.00021667991695125,0.80018845766922,1.48064560175,1.48064560175,1.48064560175,1.48064560175,1.48064560175,1.48064560175,0.02075197625,0.00983948200000001,0.246877362,0.01987387515,0.1185733355,0.0599203635,"SVNP",0.01,200,46
"47",0.09785813575,0.03324975525,0.422318526,0.79001033775,0.2950057240175,0.07532397911825,0.80003711437644,9.898388764025e-05,0.00011084485905,3.24883667175e-06,7.896546943e-05,0.799961064577973,0.5006408595,0.5006408595,0.5006408595,0.5006408595,0.5006408595,0.5006408595,0.013325862,0.00625953725,0.41612647075,0.1358050188275,0.2000923075,0.07030871125,"SVNP",0.01,200,47
"48",0.0779696905,0.129258208,0.58520752575,0.61191840175,0.05346358025,0.0940294055575,0.799693521584604,0.000253387632905,0.00018728797002375,0.0001631347318865,0.000101834839695,0.799710264152639,0.47913385625,0.47913385625,0.47913385625,0.47913385625,0.47913385625,0.47913385625,0.02530159075,0.16474138475,0.14365101,0.0804356815,0.10855285025,0.00716935574999999,"SVNP",0.01,200,48
"49",0.00565776824999997,0.09826928275,0.56354113475,0.8244205435,0.14073631875,0.02218232685,0.799933144424003,0.0002676084866275,5.201964459e-05,5.95092183425e-05,0.0001427181891275,0.79998666893048,0.49989138725,0.49989138725,0.49989138725,0.49989138725,0.49989138725,0.49989138725,0.0277289545,0.01962428125,0.447254335,0.033456055,0.1416655975,0.03537322875,"SVNP",0.01,200,49
"50",0.05192884975,0.147565048,0.4528034555,0.689091922,0.234150335475,0.04966891375,0.799959109906183,0.000248513829817,3.0604647256e-05,0.0001592869238925,1.02180262125e-05,0.799808582438248,0.4683110955,0.4683110955,0.4683110955,0.4683110955,0.4683110955,0.4683110955,0.03812951825,0.0752921605,0.366112168,0.0873590931675,0.119221948,0.034470418,"SVNP",0.01,200,50
"210",0.036541617,0.0316676155,0.4518653355,0.731037617,0.1913649747,0.1318964040575,0.800001020693977,5.5264613345e-07,4.16358172615e-07,2.041991795375e-06,1.7075194685e-07,0.800000194374061,0.50040704575,0.50040704575,0.50040704575,0.50040704575,0.50040704575,0.50040704575,0.02849234225,0.0187505645,0.43741153625,0.019392785275,0.2240153495,0.0767552375,"SVNP",1e-04,200,1
"211",0.077948675,0.00363477950000002,0.46427811525,0.7128090625,0.207647696675,0.065150649575,0.800003615119482,3.37805937762e-07,1.5387624079525e-06,1.635277968275e-06,2.209138405775e-06,0.800002915993698,1.46797581775,1.46797581775,1.46797581775,1.46797581775,1.46797581775,1.46797581775,0.01729941525,0.06686455175,0.29000048,0.03383681225,0.2108202985,0.00678308574999997,"SVNP",1e-04,200,2
"212",0.036359274,0.0792558290000001,0.47006522225,0.688123151,0.13844470125,0.1104843492755,0.799999988847977,1.59934405675e-07,5.4225958055e-07,5.02813751525e-07,2.3991130444575e-06,0.800002046979283,0.480615837,0.480615837,0.480615837,0.480615837,0.480615837,0.480615837,0.02397393275,0.05644699175,0.30625551875,0.054980720375,0.23822970525,0.0121605185,"SVNP",1e-04,200,3
"213",0.02232354325,0.06586787525,0.50079102275,0.681472638,0.14853212,0.19269467068085,0.799996076489275,1.496728176975e-06,1.231738494225e-06,5.2784918995e-07,2.9295704985e-07,0.800001901927105,0.47878338175,0.47878338175,0.47878338175,0.47878338175,0.47878338175,0.47878338175,0.0566546915,0.085662523,0.4282620575,0.00393775785,0.1512884715,0.02002021125,"SVNP",1e-04,200,4
"214",0.1528501285,0.0854286805,0.4268795145,0.73038594075,0.1466765395,0.056235426095,0.800001692368499,4.9221319838e-07,5.325878292275e-07,2.7116710008e-06,5.82558803025e-07,0.800001325651569,0.48059785825,0.48059785825,0.48059785825,0.48059785825,0.48059785825,0.48059785825,0.04978529475,0.017475126,0.29670543675,0.041733877075,0.11806309625,0.0566111315,"SVNP",1e-04,200,5
"215",0.012226066,0.0367327200000001,0.4810826305,0.9001656995,0.1501086565,0.10000408055,0.80000005634673,3.342435848075e-07,8.206441338e-07,2.377648175525e-06,1.3356333149e-06,0.800001498343632,0.50027493375,0.50027493375,0.50027493375,0.50027493375,0.50027493375,0.50027493375,0.07733643775,0.0812043985,0.3673516865,0.140558846725,0.23049996425,0.0404478635,"SVNP",1e-04,200,6
"216",0.0576231325,0.02027101175,0.514550332,0.76172288325,0.12527788825,0.0410965832,0.800000326648323,7.2745255e-07,1.24225580897e-06,1.647060778408e-06,1.20958042661625e-07,0.8000004809852,0.4998581065,0.4998581065,0.4998581065,0.4998581065,0.4998581065,0.4998581065,0.00020295524999997,0.0406235915,0.38525018725,0.0627423038,0.0716309955,0.0865816455,"SVNP",1e-04,200,7
"217",0.1521648525,0.323548316,0.50710018825,0.48227421525,0.078571628,0.021371732225,0.800000321240137,1.9135254075e-06,2.76650743063e-06,2.32988643868e-06,1.81483004375e-07,0.800000466550252,0.50012203875,0.50012203875,0.50012203875,0.50012203875,0.50012203875,0.50012203875,0.04279122125,0.13364441625,0.12036312695,0.14174140875,0.0577010015,0.0331111255,"SVNP",1e-04,200,8
"218",0.0072672855,0.0606644347500001,0.594750584,0.80635542,0.132921101,0.0192733053,0.800001757842641,2.316883609875e-06,3.20114326484925e-06,1.194231208955e-06,2.21371126848475e-06,0.799999849478097,0.47690961825,0.47690961825,0.47690961825,0.47690961825,0.47690961825,0.47690961825,0.03141935525,0.02039738025,0.41960207775,0.019638554825,0.1399357925,0.00842122725,"SVNP",1e-04,200,9
"219",0.05930240975,0.01717862225,0.5434601635,0.81979946875,0.14661633975,0.056011336225,0.799998994158875,1.4863549715e-07,8.83152836825e-07,1.80012202185e-07,8.621572822375e-07,0.800000113568505,0.50041331125,0.50041331125,0.50041331125,0.50041331125,0.50041331125,0.50041331125,0.00135657424999996,0.03417263575,0.2924197495,0.04504268405,0.147103372,0.00470580949999999,"SVNP",1e-04,200,10
"220",0.00422293275000002,0.01064119425,0.5186268065,0.76897543575,0.14952116375,0.115571731775,0.799999228866967,4.4095373598625e-06,2.2553047009375e-06,3.95271787500001e-08,3.727951779025e-07,0.800002583540069,0.4999749435,0.4999749435,0.4999749435,0.4999749435,0.4999749435,0.4999749435,0.00373067049999998,0.00616195424999999,0.301598954,0.03002473825,0.12596728925,0.082984413,"SVNP",1e-04,200,11
"221",0.02702124175,0.05094925625,0.59294446775,0.82324697275,0.07730302175,0.0766960406175,0.799999200258741,1.5305173376725e-06,1.14093150565e-07,4.0978025875e-07,7.9315572311e-07,0.799999544685344,0.5001656055,0.5001656055,0.5001656055,0.5001656055,0.5001656055,0.5001656055,0.121764026,0.08687870625,0.44494136825,0.00450491012500004,0.08855277975,0.06001188875,"SVNP",1e-04,200,12
"222",0.0203810692500001,0.07861569025,0.660521913,0.73695007325,0.091268437,0.09345228064,0.800000394066937,1.056740963425e-06,5.661067131825e-07,1.641423751375e-07,1.949241934525e-06,0.799999465740287,0.47768076675,0.47768076675,0.47768076675,0.47768076675,0.47768076675,0.47768076675,0.005117867,0.0888575135,0.232593223,0.0622477815,0.048198653,0.0148747135,"SVNP",1e-04,200,13
"223",0.02690516,0.0397238645,0.5150919165,0.80989818575,0.17054328425,0.12504061237985,0.799998943963916,6.4154515895e-07,4.281399256e-07,5.87722238765e-07,2.7764373188e-06,0.799998869445809,0.50015317,0.50015317,0.50015317,0.50015317,0.50015317,0.50015317,0.01336496225,0.06898940975,0.21724419325,0.025354051425,0.08709081575,0.0383408505,"SVNP",1e-04,200,14
"224",0.03759682675,0.00339948300000004,0.52996846475,0.861109228,0.194577722,0.1223472075275,0.800000417730973,1.488489282225e-06,5.50480091595e-07,4.74905037250001e-08,2.0167883466825e-06,0.799999500626808,0.48257032775,0.48257032775,0.48257032775,0.48257032775,0.48257032775,0.48257032775,0.0123859085,0.02051461625,0.3268659885,0.0904420237975,0.17960522,0.04050112275,"SVNP",1e-04,200,15
"225",0.0179835115,0.03720608175,0.48979732425,0.69680290025,0.201208224525,0.07610142815,0.799998351173315,1.7964916331175e-06,8.116718276525e-07,7.5171083105e-07,3.259530941725e-06,0.79999975991743,0.47204760375,0.47204760375,0.47204760375,0.47204760375,0.47204760375,0.47204760375,0.04737408775,0.15102968025,0.280445568,0.060784221225,0.1150948275,0.0447725235,"SVNP",1e-04,200,16
"226",0.00904609699999998,0.0584547505,0.52156186875,0.8515003255,0.154368668,0.0538384083,0.799999515180773,7.9325216315e-07,1.49608785325e-07,1.1185842091e-06,2.368956228975e-06,0.800000277913597,0.4998614315,0.4998614315,0.4998614315,0.4998614315,0.4998614315,0.4998614315,0.0727831025,0.05856771275,0.3468139175,0.0239346199,0.26891128825,0.0507658095,"SVNP",1e-04,200,17
"227",0.0348093524999999,0.0418846685000001,0.66419077675,0.89502090225,0.175513023,0.07379920395,0.800000189185561,9.596772246e-07,6.444483287325e-07,7.563159001925e-07,1.723091974275e-06,0.799998629804586,1.48628492675,1.48628492675,1.48628492675,1.48628492675,1.48628492675,1.48628492675,0.0191148705,0.04654122275,0.363333038,0.050219447,0.08444838075,0.02656886075,"SVNP",1e-04,200,18
"228",0.09398050625,0.0696458455,0.58378668075,0.711409903,0.099619298,0.027231210175,0.799999093914788,5.03905185725e-07,4.3298464745e-07,1.06582280723e-06,1.25170444055e-06,0.79999954117606,0.5003561445,0.5003561445,0.5003561445,0.5003561445,0.5003561445,0.5003561445,0.02281984825,0.04955514425,0.25132983225,0.03163488125,0.091212894,0.02036043725,"SVNP",1e-04,200,19
"229",0.013758237,0.00729495700000005,0.42028299325,0.750210472,0.20430085675,0.083632501775,0.799998646941778,1.52147049475e-06,1.94047291585e-06,9.789661419265e-07,3.61207467725e-08,0.799998777073125,1.47887422975,1.47887422975,1.47887422975,1.47887422975,1.47887422975,1.47887422975,0.05148277675,0.03028232575,0.57248016575,0.039531644975,0.08915268325,0.058941021,"SVNP",1e-04,200,20
"230",0.01556217425,0.1584639425,0.258827365,0.7123086205,0.294162360405,0.176334645359625,0.799999053546625,8.51787527695e-07,1.977976268225e-06,1.09999233293e-06,3.4957089025e-08,0.800001203874606,0.499855956,0.499855956,0.499855956,0.499855956,0.499855956,0.499855956,0.05409530875,0.05354728125,0.37126949975,0.1728944744865,0.20062174375,0.09052660125,"SVNP",1e-04,200,21
"231",0.07821967775,0.0434277545,0.416389702,0.73891196275,0.235926287875,0.070658119675,0.799999890565761,2.826943303e-07,1.1440081228725e-06,2.18564709725e-07,1.653605292175e-06,0.800000132691509,0.499602978,0.499602978,0.499602978,0.499602978,0.499602978,0.499602978,0.07295637525,0.04044104025,0.34099033075,0.0147500975,0.17288837075,0.00285543774999997,"SVNP",1e-04,200,22
"232",0.00374664975,0.03761297175,0.6295421225,0.73462964975,0.027730458,0.0464053112915,0.800000434352274,2.209416928175e-06,1.106069563325e-06,4.43300235e-08,1.20501805075e-06,0.79999752137294,0.48449427325,0.48449427325,0.48449427325,0.48449427325,0.48449427325,0.48449427325,0.00949435124999998,0.0393636925,0.3280215215,0.0125169645,0.161290068,0.00233154125000001,"SVNP",1e-04,200,23
"233",0.0799031815,0.04765501025,0.3400599715,0.798337158,0.232088100575,0.058225080195,0.80000054254609,9.05699436495e-07,5.49966585565e-07,2.3319337644e-06,1.82333152115e-06,0.800002285499961,1.46030806925,1.46030806925,1.46030806925,1.46030806925,1.46030806925,1.46030806925,0.07927781775,0.0490033693,0.42766905225,0.111380113435,0.20418082825,0.0462532015,"SVNP",1e-04,200,24
"234",0.000439128250000032,0.0274797755,0.414624502,0.86220102225,0.25225476945,0.084580107725,0.799999219587375,1.49601359155e-06,6.30197219999999e-09,1.880937676725e-06,9.67308719225e-07,0.800001849488238,0.481842523,0.481842523,0.481842523,0.481842523,0.481842523,0.481842523,0.004805909,0.04107485175,0.292074888,0.095011816885,0.16819165975,0.04642391325,"SVNP",1e-04,200,25
"235",0.02727373575,0.15276609575,0.4909613015,0.74592723375,0.116526227,0.105275052875,0.799995987345334,2.702951490275e-06,9.264634266e-07,4.539320365375e-07,1.355714745575e-06,0.799998830227682,0.4998362495,0.4998362495,0.4998362495,0.4998362495,0.4998362495,0.4998362495,0.039741704,0.0783413215,0.21908949425,0.0933395250575,0.10630659975,0.00129098275,"SVNP",1e-04,200,26
"236",0.03432567175,0.09168774025,0.59458928725,0.67924285625,0.1581071225,0.097853746,0.799997369355916,3.702258017255e-07,1.86649973525e-07,8.24544789275e-07,1.02274037425e-07,0.79999895500036,0.4994319185,0.4994319185,0.4994319185,0.4994319185,0.4994319185,0.4994319185,0.0759535155,0.19206130525,0.25389306275,0.1410056415,0.04406704575,0.0026634385,"SVNP",1e-04,200,27
"237",0.02684816175,0.07595888775,0.602714584,0.681371713,0.0238251945,0.0136300235,0.799996831624108,1.781662550425e-06,7.109778767e-07,6.6034824725e-07,1.322448180975e-06,0.799999439244906,0.48887415175,0.48887415175,0.48887415175,0.48887415175,0.48887415175,0.48887415175,0.0888395455,0.0745049905,0.22723499375,0.0916832315,0.12059769775,0.0395265065,"SVNP",1e-04,200,28
"238",0.08671536375,0.0592017540000001,0.54498857625,0.7887561705,0.17231384225,0.081256001125,0.800001112652452,1.87350973655e-06,1.298846531405e-06,1.58914718485e-06,5.62366222275e-07,0.799998082600712,0.47700511375,0.47700511375,0.47700511375,0.47700511375,0.47700511375,0.47700511375,0.01497042575,0.05199919075,0.3443294075,0.02830072375,0.07872506475,0.01882344975,"SVNP",1e-04,200,29
"239",0.0197689255,0.108683201,0.51292101225,0.68546688075,0.11688495875,0.050011262325,0.799999849486306,1.372364219295e-06,4.7343333175e-07,1.82619202875e-07,3.81514509925e-07,0.800000740428275,0.48164877025,0.48164877025,0.48164877025,0.48164877025,0.48164877025,0.48164877025,0.03487547125,0.0328948005,0.19199163575,0.11462787075,0.20979438375,0.02659218025,"SVNP",1e-04,200,30
"240",0.02016417775,0.00723150274999995,0.46456321975,0.81250209775,0.16376998325,0.1162247509435,0.799998254845881,1.990977686275e-06,1.4481110253e-06,2.522119929e-07,3.570938682475e-06,0.80000131937913,0.49943032125,0.49943032125,0.49943032125,0.49943032125,0.49943032125,0.49943032125,0.00425381350000004,0.0550498705,0.35604057425,0.112137021675,0.05321183175,0.01789901475,"SVNP",1e-04,200,31
"241",0.065800671,0.1507822655,0.556609725,0.6429293735,0.0576519735,0.025244883325,0.800000234801256,5.53032332975e-07,4.2507714919e-07,1.0426050562e-06,1.51106078485e-06,0.80000046014183,0.50005615,0.50005615,0.50005615,0.50005615,0.50005615,0.50005615,0.0315893405,0.106825936,0.24551128475,0.13042735425,0.07866535775,0.00843797874999996,"SVNP",1e-04,200,32
"242",0.0144942045000001,0.012174335,0.5989803865,0.82802353025,0.1756645135,0.0583686674975,0.799997875054587,7.5935429645e-07,5.5915756957e-07,2.686615976e-07,5.087038315725e-07,0.800000776058034,0.499897207,0.499897207,0.499897207,0.499897207,0.499897207,0.499897207,0.0067786715,0.15094296725,0.28323147325,0.0518278487,0.04882265425,0.0127982075,"SVNP",1e-04,200,33
"243",0.0206681975,0.08643342675,0.537904957,0.74876653875,0.14067598725,0.01559544515,0.799998914729816,1.267520699375e-06,1.0171704803475e-06,5.06995625325e-07,1.20170305356275e-06,0.80000076258719,0.47960385975,0.47960385975,0.47960385975,0.47960385975,0.47960385975,0.47960385975,0.0613505645,0.03091096425,0.38943213025,0.02668595425,0.14451061175,0.04257198675,"SVNP",1e-04,200,34
"244",0.02788448125,0.02001598875,0.558858404,0.7325809645,0.07283076475,0.010549418025,0.800000793957878,8.28993790925e-07,6.29682154175e-07,2.9119961005475e-06,6.677798406e-07,0.800000368643323,0.4995272675,0.4995272675,0.4995272675,0.4995272675,0.4995272675,0.4995272675,0.059194903,0.09031768,0.41091622975,0.0726539781,0.211646859,0.03388731875,"SVNP",1e-04,200,35
"245",0.017099295,0.000222448749999993,0.48771497375,0.88149334725,0.3041146694,0.09103509313525,0.799999764186826,9.6370471315e-07,2.957916218425e-06,1.3961425535775e-06,2.663752188875e-06,0.800000473605759,0.45393601475,0.45393601475,0.45393601475,0.45393601475,0.45393601475,0.45393601475,0.017064576,0.01958949325,0.4483965265,0.024374594375,0.1482237535,0.03523534775,"SVNP",1e-04,200,36
"246",0.011099123,0.039324273,0.42762074575,0.83850974975,0.153707625,0.19553527976145,0.799999617568572,6.547478810775e-07,1.381003719025e-06,1.316368734725e-06,1.3173705207525e-06,0.800001650317678,0.47566136475,0.47566136475,0.47566136475,0.47566136475,0.47566136475,0.47566136475,0.02589416875,0.02608630975,0.26064267975,0.069563818255,0.14876554775,0.0318284815,"SVNP",1e-04,200,37
"247",0.00600423475,0.00927841399999996,0.434701078,0.7801596235,0.2178486014,0.11423241207925,0.799999954789339,1.455942696925e-06,1.3436670639e-06,1.3455974699525e-06,1.301928395e-07,0.799998020641549,0.48252239175,0.48252239175,0.48252239175,0.48252239175,0.48252239175,0.48252239175,0.0251084635,0.05412814275,0.37046783975,0.08773753493,0.2072000115,0.010113169,"SVNP",1e-04,200,38
"248",0.02758154975,0.0399211225,0.54066798,0.8308563405,0.060240798,0.022905237,0.80000028387817,2.480761161375e-06,3.148340857e-07,1.828806162225e-06,6.28338488075e-07,0.800000211823825,1.47164140575,1.47164140575,1.47164140575,1.47164140575,1.47164140575,1.47164140575,0.026386032,0.00988864175000004,0.30795733125,0.023029736875,0.10653749425,0.0145073945,"SVNP",1e-04,200,39
"249",0.031117855,0.05904701175,0.42878368225,0.889228028,0.262964039,0.1104159325525,0.799999930480509,4.8122771895e-07,1.187579374975e-06,3.2051177718725e-06,2.77143472525e-07,0.799999865358046,0.47133270625,0.47133270625,0.47133270625,0.47133270625,0.47133270625,0.47133270625,0.0515690945,0.0190061045,0.42349501175,0.14889045540975,0.25552233375,0.092361134,"SVNP",1e-04,200,40
"250",0.040148933,0.11389942575,0.4262693585,0.885728547,0.16011137725,0.151811678695335,0.799997285436642,2.506469342125e-06,2.531393463725e-06,2.379795340825e-06,3.8400413601e-07,0.799997774093275,1.450789431,1.450789431,1.450789431,1.450789431,1.450789431,1.450789431,0.00525466899999999,0.00319950125000001,0.42729874475,0.0967641067475,0.114252201,0.11486349625,"SVNP",1e-04,200,41
"251",0.06521688975,0.11610374625,0.4151252215,0.7483207015,0.32089400496575,0.0664686661725,0.800001528060503,2.383003758675e-06,1.13578513495e-06,2.7084189125e-08,1.290170155127e-06,0.799999102754722,0.471219396,0.471219396,0.471219396,0.471219396,0.471219396,0.471219396,0.000142254250000029,0.05394204675,0.442547281,0.054363416425,0.23165655625,0.083898183,"SVNP",1e-04,200,42
"252",0.05790962375,0.0425750825,0.41807993975,0.8635011785,0.24822318045,0.034589509075,0.800001354814356,2.721730515725e-06,1.29045294475e-07,9.8830929416e-07,4.161997553175e-06,0.800001544505897,0.470987436,0.470987436,0.470987436,0.470987436,0.470987436,0.470987436,0.0448779505,0.0165143535,0.320898996,0.0510511781,0.175986397,0.00637095500000001,"SVNP",1e-04,200,43
"253",0.00923553425000001,0.03449265625,0.40082162425,0.75582853,0.230949918775,0.13518887843575,0.799999676604115,1.273560246375e-06,3.45270596375e-07,1.0753790575e-07,1.28207507215e-06,0.800000901855076,1.4620603555,1.4620603555,1.4620603555,1.4620603555,1.4620603555,1.4620603555,0.053213715,0.0426090005,0.491752801,0.09456333545,0.2291843445,0.0122725345,"SVNP",1e-04,200,44
"254",0.0184750725,0.01047176625,0.50185095025,0.72474654325,0.1790168705,0.039149428575,0.800000842798263,3.3241713875e-07,4.6393465245e-07,3.77846348725e-07,2.140958516475e-06,0.799999033314805,1.4763786845,1.4763786845,1.4763786845,1.4763786845,1.4763786845,1.4763786845,0.0506981335,0.03327311375,0.40765613075,0.031568021925,0.16837809625,0.027195367,"SVNP",1e-04,200,45
"255",0.03936382825,0.06976677725,0.37800618225,0.720730039,0.174820368,0.1116502890625,0.80000040628462,1.195033194525e-06,2.782020290925e-06,1.864955164945e-06,9.2120639103e-07,0.799998980869219,0.49918127375,0.49918127375,0.49918127375,0.49918127375,0.49918127375,0.49918127375,0.0116623555,0.04296203425,0.2912650645,0.02458623335,0.05609506475,0.03192975525,"SVNP",1e-04,200,46
"256",0.03774082275,0.00776089250000001,0.578391069,0.83813300625,0.12737219825,0.046034128025,0.799998349834986,1.57542132295e-06,6.741726161e-07,1.76273945265e-06,1.645769838825e-06,0.799999200461041,0.50013127425,0.50013127425,0.50013127425,0.50013127425,0.50013127425,0.50013127425,0.0826597135,0.06406780975,0.185800149,0.0257368675,0.138742657,0.03631308625,"SVNP",1e-04,200,47
"257",0.00534598274999998,0.0359468550000001,0.537299091,0.81082738225,0.11977992775,0.06552433235,0.799998069563561,1.00567295105e-06,4.16188902925e-07,7.3740474451e-07,4.2942589387e-06,0.800000593719374,0.50021521175,0.50021521175,0.50021521175,0.50021521175,0.50021521175,0.50021521175,0.04714003775,0.015218009,0.33018577375,0.117343896955,0.2189242375,0.00559223650000001,"SVNP",1e-04,200,48
"258",0.00860774975,0.08197670275,0.55976507925,0.63607818225,0.207319690825,0.03003570025,0.799998556178637,6.586500358e-07,3.063987610875e-06,3.59535207225e-07,2.11255856575e-06,0.800000759133767,0.500342622,0.500342622,0.500342622,0.500342622,0.500342622,0.500342622,0.0084973955,0.00693909300000001,0.447914753,0.04990266225,0.12329164775,0.00418822875000002,"SVNP",1e-04,200,49
"259",0.03924170475,0.00804329999999998,0.48879192375,0.76032380975,0.1812189345,0.13463735304275,0.800000053358324,1.5724358531e-06,3.4117448793e-06,1.968433137e-07,2.28342556413e-06,0.799999177100484,0.50070942575,0.50070942575,0.50070942575,0.50070942575,0.50070942575,0.50070942575,0.024810342,0.0577754805,0.36502046025,0.0564392042,0.22009060525,0.03289298925,"SVNP",1e-04,200,50
"310",0.135060615260625,0.371898076,0.2457377882975,0.49648468825,0.43835594366875,0.9260293215,0.79999998855044,1.46222958762e-08,3.388232743925e-08,9.955312892425e-09,1.1584103140925e-08,0.80000000869853,0.91589189925,0.91589189925,0.91589189925,0.91589189925,0.91589189925,0.91589189925,0.55662692275,0.20498607675,2.44525947,1.0472117055,3.429337155,0.7908563455,"SVNP",1e-06,200,1
"311",0.3737354787001,0.91743534411075,0.132920807706875,0.743109689,0.8799171335,0.01763694025,0.799999998706912,2.37086880045e-08,2.06803896906325e-08,2.54265662145e-08,5.059490832e-09,0.79999999435626,1.13650210975,1.13650210975,1.13650210975,1.13650210975,1.13650210975,1.13650210975,3.43454089975,0.20184360575,1.51848294025,1.7769842925,0.3479318785,0.04215013425,"SVNP",1e-06,200,2
"312",0.45525123475,0.059557592,0.70149790325,0.7509556669,0.6944776804475,0.627160649,0.800000022466654,2.6087756451575e-08,7.2042978015e-09,9.3623741515e-09,1.42300932745e-08,0.799999975793462,1.05601888375,1.05601888375,1.05601888375,1.05601888375,1.05601888375,1.05601888375,1.1021923835,0.89325930325,0.464066269,0.78858237475,0.62198484575,0.983458754,"SVNP",1e-06,200,3
"313",0.173885518,0.18665238225,0.643369414,0.26358054099625,0.07372111275,0.022444270915,0.799999990567437,2.25545089315e-08,2.4186635602e-08,4.52183358125e-09,4.0965214055e-09,0.799999998089177,0.4016382925468,0.4016382925468,0.4016382925468,0.4016382925468,0.4016382925468,0.4016382925468,0.361879886,0.63044086875,1.246527525,1.89637569325,0.05754033075,0.4326855405,"SVNP",1e-06,200,4
"314",0.8760611525,1.21315475925,0.03998527,0.4978382016415,0.24529955025,0.2774209382,0.79999998739733,1.750487266125e-08,3.44005574415e-09,3.730923598075e-08,3.00276010775e-08,0.799999996582597,0.3955385135,0.3955385135,0.3955385135,0.3955385135,0.3955385135,0.3955385135,1.50793269,2.31058839,1.14124476925,0.40511246,0.1000690063,1.21342818675,"SVNP",1e-06,200,5
"315",0.208845769,0.3167243485,1.15357347,1.00728818425,0.465987971023,0.988743656,0.799999973353026,2.6243490425e-10,1.10495865875e-08,8.461019995e-09,8.91907071925e-09,0.800000002104934,0.60521535425,0.60521535425,0.60521535425,0.60521535425,0.60521535425,0.60521535425,1.50512886275,0.8034474625,2.472545945,1.582482654,0.54651834875,1.9914020325,"SVNP",1e-06,200,6
"316",0.981321105,1.898465553,0.351062805,0.61339710175,1.32527598375,0.50726871139275,0.800000000497372,6.43487964975e-09,5.879377311e-09,1.987747125375e-08,2.20968780065575e-08,0.800000025669044,0.98366495125,0.98366495125,0.98366495125,0.98366495125,0.98366495125,0.98366495125,1.09872538675,0.05890878525,1.44694518425,1.17880288225,0.49693141775,0.20199143475,"SVNP",1e-06,200,7
"317",0.073001164272175,0.3794445985,0.3777432905,1.5030176525,0.03023988047475,0.68527990975,0.800000000925977,4.5393355174e-09,4.126875467855e-08,8.5214784285e-09,8.816796195e-09,0.800000000540837,0.082675855,0.082675855,0.082675855,0.082675855,0.082675855,0.082675855,0.30579340375,0.137761806,4.641023185,2.58861165,0.31312595125,0.12259565325,"SVNP",1e-06,200,8
"318",0.4880048495,1.4578068345,0.3016637525,0.00394468726792499,0.46847163475,0.2377489784925,0.800000012829296,9.847099401375e-09,2.5357560162175e-08,2.799913324e-09,5.512744342975e-09,0.799999997500796,0.366190544825,0.366190544825,0.366190544825,0.366190544825,0.366190544825,0.366190544825,1.1398289675,0.81528156375,0.98310566025,1.5547774195,0.88124029425,0.4684360395,"SVNP",1e-06,200,9
"319",0.9773369725,0.29357563575,0.87840837225,0.87644038925,1.3223519135,0.32700883138225,0.8000000040346,3.90049358725e-09,1.169564757575e-08,2.858131760725e-08,6.20067827075e-09,0.80000000100952,0.510473626304285,0.510473626304285,0.510473626304285,0.510473626304285,0.510473626304285,0.510473626304285,2.53639445725,1.53068083275,1.051609553,1.0984871105,0.7099046035,0.387901874,"SVNP",1e-06,200,10
"320",0.0371579365551,1.130524385425,1.229887909,1.4334379365,0.9451680155105,0.10011214114075,0.800000003955301,1.8287781879825e-08,4.80625007475e-09,1.6541621283e-08,1.486500699725e-08,0.79999999897755,0.43963296625,0.43963296625,0.43963296625,0.43963296625,0.43963296625,0.43963296625,0.37422244375,0.15994363425,2.690531393,1.242599651,1.5841909065,0.023759068,"SVNP",1e-06,200,11
"321",0.16064304175,0.605760775,0.099305895,0.6478891485,1.582866777,0.254776971050815,0.79999997457784,1.556383033865e-08,2.08044879215e-09,2.02091598225e-08,2.758138257725e-08,0.799999998791205,1.1176850065,1.1176850065,1.1176850065,1.1176850065,1.1176850065,1.1176850065,4.096492785,0.47985505825,0.3404167535,2.2319894225,0.8301641975,0.000137837500000015,"SVNP",1e-06,200,12
"322",0.171816536775,0.01800749383825,0.3297197475,0.608767459783118,0.194155179728625,0.1566569475,0.800000015190355,2.125849085725e-08,1.383084060925e-08,7.430307131875e-09,1.1770733989425e-08,0.800000009598515,0.261701962,0.261701962,0.261701962,0.261701962,0.261701962,0.261701962,0.96836630775,1.8776732935,1.037401483,1.61457542025,0.6250661,0.10318997275,"SVNP",1e-06,200,13
"323",0.14561635348925,1.550951486,0.17479119,0.32288721125,0.69310088225,0.38191596,0.799999986618304,7.66505529999991e-11,1.349577849835e-08,1.106835979225e-08,1.2815429717425e-08,0.799999965373457,0.9362746415,0.9362746415,0.9362746415,0.9362746415,0.9362746415,0.9362746415,0.47979932525,2.5669731125,0.05917329125,1.1375508255,0.436915498,0.59783549725,"SVNP",1e-06,200,14
"324",0.3892274915,0.292347151,1.10900503425,0.7952051427155,0.371709043399525,0.928654526125,0.799999987064725,1.149448508e-09,5.0501861445e-09,8.1639655525e-09,2.735622846e-09,0.800000034771171,0.3833876185,0.3833876185,0.3833876185,0.3833876185,0.3833876185,0.3833876185,0.075909056,0.98011153375,1.8237404275,1.16553487275,3.33382914,0.29625328725,"SVNP",1e-06,200,15
"325",0.52376582075,0.524201793,1.2618221625,1.507340325,0.287143974725,0.2248720689725,0.799999991700095,8.29240420085e-09,1.025401619525e-08,7.788304681e-09,1.696536747725e-08,0.800000002590368,1.075034058,1.075034058,1.075034058,1.075034058,1.075034058,1.075034058,0.04906151425,0.205991442,0.8792105515,1.238973897,1.486600625,0.0112073295,"SVNP",1e-06,200,16
"326",0.36880913525,0.79586009675,0.7436185935,0.6175750145,0.2448653774235,0.091542561765,0.799999993509355,2.9474056028e-08,9.8645607545e-09,9.7288272445e-09,1.540460764575e-08,0.800000026128093,1.1360088835,1.1360088835,1.1360088835,1.1360088835,1.1360088835,1.1360088835,0.79984184825,1.48123893125,0.52252998725,0.035823966,1.70446791325,0.08040766625,"SVNP",1e-06,200,17
"327",0.12136989675,0.920891377675,0.13024732875,0.57551090025,0.1507991255,0.63236076007,0.800000031925042,5.366104623e-09,1.19042899295e-08,2.6681552375e-10,5.01489196e-10,0.800000015284116,0.082548086325,0.082548086325,0.082548086325,0.082548086325,0.082548086325,0.082548086325,0.230122734,0.75231777275,1.07154465925,0.340777718,0.58047370975,0.9349291,"SVNP",1e-06,200,18
"328",0.5175460655,0.077874365,0.610335074,0.782308636,0.98437760025,0.45278105496935,0.800000004943153,1.3533919861e-08,1.2142306381e-08,1.2916828825e-10,1.0539113773025e-08,0.800000001594328,0.1861008905,0.1861008905,0.1861008905,0.1861008905,0.1861008905,0.1861008905,1.07108749575,0.14391476825,1.01002618175,0.836397918,1.96327550975,0.960490773,"SVNP",1e-06,200,19
"329",0.0896256345195,0.018081399355,0.68668935025,0.783739209671,0.349204628862175,0.0648161103915,0.800000016626489,1.629144543675e-08,8.0362362675e-10,2.7783231172125e-08,1.057066666425e-08,0.79999999673331,0.43298735325,0.43298735325,0.43298735325,0.43298735325,0.43298735325,0.43298735325,0.13775591175,0.16081431825,0.7670388675,1.1610126775,0.3287729745,0.036501675,"SVNP",1e-06,200,20
"330",0.789800892,1.1748338383735,0.445683628188525,0.6658335795,0.57225799675,0.0664562139275,0.799999998115968,4.803896073925e-09,2.151205820175e-08,1.18399359755e-08,6.52814398475e-09,0.800000012196443,0.495177722375,0.495177722375,0.495177722375,0.495177722375,0.495177722375,0.495177722375,1.0367500065,1.91507581,1.1690096445,1.67118604225,0.7373670485,0.38301837575,"SVNP",1e-06,200,21
"331",0.409194582,0.3016108625,0.70986617425,0.8317146155,0.9065758919,0.041356346517475,0.799999981806065,1.690298278025e-08,5.9710189675e-09,1.68539059385e-08,2.005976180925e-08,0.799999988246553,0.220815470325,0.220815470325,0.220815470325,0.220815470325,0.220815470325,0.220815470325,0.419278432,0.65751865875,0.30201901525,0.666035087,0.771341475,0.01946465575,"SVNP",1e-06,200,22
"332",0.01557458428625,0.914270412916,0.4523862345,0.582982088245475,0.238915108991375,0.249986874975,0.800000010493043,2.012923356175e-08,1.135136429525e-08,2.39470907565e-08,2.92918729565e-08,0.800000007005642,0.3389144680995,0.3389144680995,0.3389144680995,0.3389144680995,0.3389144680995,0.3389144680995,0.5034644815,1.51043704225,0.151386013,0.4924001305,0.29865631975,0.60788535325,"SVNP",1e-06,200,23
"333",0.00270609975000002,0.439923753,0.382760160784,0.83878042425,0.1395190137175,0.1351493619241,0.800000020239595,1.517497643e-09,9.679982988575e-09,1.214392895e-09,1.226656545075e-08,0.800000012414991,0.0685206745,0.0685206745,0.0685206745,0.0685206745,0.0685206745,0.0685206745,1.0984165055,1.6434630425,3.3127448025,0.086190412,0.1190314125,0.3165760995,"SVNP",1e-06,200,24
"334",0.33555221424075,0.659873141,0.5278987333,0.70320731775,0.916837106,0.17037519704825,0.79999998002884,1.20440603e-09,4.929733205e-09,3.88355931805e-08,1.981219445125e-08,0.800000019586253,0.5751402885,0.5751402885,0.5751402885,0.5751402885,0.5751402885,0.5751402885,0.64639519575,2.20378274,1.076936963,1.28797835425,1.1458161385,2.65532128475,"SVNP",1e-06,200,25
"335",0.163426207,0.331356835275,0.320481061,0.2654627080225,0.48464307725,0.37404969475,0.799999997639775,2.7037983679925e-08,4.20043922525e-09,2.5407552874675e-08,8.04469202675e-09,0.799999982946099,0.413086252,0.413086252,0.413086252,0.413086252,0.413086252,0.413086252,0.7838295125,1.15630130425,0.4890771655,0.44320199225,1.45341177775,0.02543736075,"SVNP",1e-06,200,26
"336",0.331174953,1.69760289825,1.1761512335,1.26174861425,0.22244088375,0.3777087351199,0.800000016750723,6.775219464225e-09,3.111461653075e-08,2.721158163025e-09,1.0283285970225e-08,0.799999964477644,0.89930715525,0.89930715525,0.89930715525,0.89930715525,0.89930715525,0.89930715525,1.43550564475,0.83188605975,2.46939667225,0.51186926775,0.86389741475,0.11790493625,"SVNP",1e-06,200,27
"337",0.40344233975,0.76901442,0.8057559945,0.611899528,0.4430080315,0.577750871,0.79999997550182,5.05159682999999e-10,7.99804699275e-09,1.1730947147975e-08,1.895605297675e-08,0.800000015565852,0.7963936909,0.7963936909,0.7963936909,0.7963936909,0.7963936909,0.7963936909,0.76940182575,3.083625585,1.8223121915,0.77222237475,0.0403786405,1.362640265,"SVNP",1e-06,200,28
"338",0.20571642623025,0.28647577,0.59434784225,0.19699904154625,0.77703436875,0.550024591,0.799999978704027,1.8128435397175e-08,2.3579743835e-09,6.224562264e-09,2.60620797745e-08,0.799999987714677,0.42111359225,0.42111359225,0.42111359225,0.42111359225,0.42111359225,0.42111359225,0.5967536405,0.37396823825,0.6276444015,1.122723,3.00231008075,0.19870118525,"SVNP",1e-06,200,29
"339",0.019532824,1.2452780000025,0.03572870975,0.702382238,0.31601311655,0.926422602375,0.799999982145044,1.9437574885e-08,5.499483005e-10,4.05419599000001e-10,2.20706132525e-08,0.799999962835881,0.194352050530175,0.194352050530175,0.194352050530175,0.194352050530175,0.194352050530175,0.194352050530175,1.51105126025,0.35136790575,0.0296356675,1.8711326685,0.27294158975,0.003939582,"SVNP",1e-06,200,30
"340",0.034613874,0.4032352355,0.57619316025,1.621013015,0.86095691025,0.1371992275,0.799999998268035,2.550460350925e-08,2.0831574433e-08,1.289278570525e-08,1.729358736875e-08,0.799999979938771,0.63662092666925,0.63662092666925,0.63662092666925,0.63662092666925,0.63662092666925,0.63662092666925,0.54402814925,1.27024595925,0.13354710375,0.636342295,0.43023788825,2.4693939675,"SVNP",1e-06,200,31
"341",0.412211818,0.0632175855,1.07733343292445,0.670829783,0.90752386925,0.48277571879,0.799999975986003,3.394733703875e-08,1.475405526175e-08,1.4422180915e-08,1.13708616095e-08,0.79999995586385,0.9824077295,0.9824077295,0.9824077295,0.9824077295,0.9824077295,0.9824077295,1.14536628875,0.91943446625,2.35441106325,0.847756839,1.05752481725,0.8179941115,"SVNP",1e-06,200,32
"342",0.23093381525,0.47969063675,0.2466501330675,1.07787194075,0.1111313015,0.433016357423248,0.800000010576351,7.4389866681e-09,6.7597171095e-09,7.282875357e-09,2.0111500409775e-08,0.800000009798757,1.00096343075,1.00096343075,1.00096343075,1.00096343075,1.00096343075,1.00096343075,1.017597154,0.884339554,1.075178804,0.971669848,1.791856722,0.4405325195,"SVNP",1e-06,200,33
"343",0.440475818,0.16481207125,0.10505210225,0.5229923095,1.01448633161875,0.42108864475,0.799999994327317,1.32826835975e-09,1.2066446194275e-08,5.73091972575e-09,1.244915113375e-08,0.800000003128329,0.47667947075,0.47667947075,0.47667947075,0.47667947075,0.47667947075,0.47667947075,0.13684081675,0.166650972,2.52590906,0.59664658525,1.303704422,0.2127802715,"SVNP",1e-06,200,34
"344",0.30697897425,1.35522034910625,0.570781208,0.21488556048,0.00954226196267249,0.05385021776225,0.800000005892592,1.39183391785e-08,4.46188894499999e-10,1.00587994145e-08,1.80631893825e-09,0.799999993341038,0.55947940225,0.55947940225,0.55947940225,0.55947940225,0.55947940225,0.55947940225,0.10433521125,2.5334076725,0.58518206125,2.34546900275,1.2917272625,0.21925738625,"SVNP",1e-06,200,35
"345",0.0698776652500001,0.229838028209,0.9346160685,0.501873023875,0.320255599,0.83656013925,0.799999994781827,8.0356178825e-09,2.33741528025e-09,1.63309769835e-08,1.3394965547e-08,0.800000026393857,0.03073697975,0.03073697975,0.03073697975,0.03073697975,0.03073697975,0.03073697975,0.032266737,1.0373779135,0.199029533,0.72027085575,0.92391820425,2.51946820575,"SVNP",1e-06,200,36
"346",0.19017953,2.289023615,1.21832347552773,1.4985606975,0.71627687,0.31947821,0.800000030980504,2.2953860445e-09,3.746166427e-09,3.0922541184e-08,2.35820263999999e-10,0.800000014211214,1.00386516,1.00386516,1.00386516,1.00386516,1.00386516,1.00386516,0.2786158165,0.95512400025,0.894960073,1.536578371,0.0924160285,2.20306326375,"SVNP",1e-06,200,37
"347",0.13964816655,0.3059900980912,0.67813398275,0.90083944825,1.0086552995,0.23352416718415,0.800000002089367,1.130429363725e-08,6.99282346275e-09,3.599287389e-09,3.893990274e-09,0.800000024831618,0.15105539675,0.15105539675,0.15105539675,0.15105539675,0.15105539675,0.15105539675,0.26508882075,0.38752807225,1.04885841075,0.320711221,1.61769293,0.06844592725,"SVNP",1e-06,200,38
"348",0.55793294473875,0.0195120545,0.9742603585,0.4625863355,0.26891378307975,0.284677613859075,0.800000010036682,3.1111042305625e-08,6.36692411025e-09,1.74078635375e-08,2.342129410825e-08,0.800000002027606,0.9371291205,0.9371291205,0.9371291205,0.9371291205,0.9371291205,0.9371291205,0.02214754075,2.27642659525,2.4843666975,1.6604722425,0.89249387175,0.40344486675,"SVNP",1e-06,200,39
"349",0.04120354375,0.02911899625,0.50637901075,0.77139091125,0.349106342045,0.4169329375,0.800000007081035,1.0721552589e-08,1.898343756975e-08,4.3062373321e-09,5.67961756675e-09,0.799999973514093,0.521117291,0.521117291,0.521117291,0.521117291,0.521117291,0.521117291,0.10152101525,0.15208811125,2.38838420475,0.5702432535,0.411811508,0.39171131575,"SVNP",1e-06,200,40
"350",1.2016313475,1.23392877897975,0.2110903125,0.6980600355,0.26054890105,0.16772511247095,0.800000007281413,1.386454794375e-08,1.288994285775e-08,2.49465379385e-08,1.9903746921e-09,0.799999983536897,0.76092877669675,0.76092877669675,0.76092877669675,0.76092877669675,0.76092877669675,0.76092877669675,0.05970794475,1.035296705,0.80340497675,0.32661339025,3.21355640775,0.172219295,"SVNP",1e-06,200,41
"351",0.57049178925,0.06812331,0.19508104325,0.46247061175,0.802546556,0.01226400153495,0.800000003436191,1.1066516665e-09,2.739747539425e-08,1.5666001581e-08,7.069762582275e-09,0.800000004055452,0.62553918675,0.62553918675,0.62553918675,0.62553918675,0.62553918675,0.62553918675,0.55785105075,0.9493816045,0.42052496125,1.6750803455,0.1921907905,0.13996335625,"SVNP",1e-06,200,42
"352",0.40817679525,0.22225149975,0.2138578460875,0.67202172111915,0.8426011545,0.61611918875,0.800000020265577,1.684361082e-09,7.74958295225e-09,6.6818654445e-09,1.2120304223e-08,0.79999999645743,0.933490449,0.933490449,0.933490449,0.933490449,0.933490449,0.933490449,2.9935337695,3.78505363,1.757440415,0.83672013775,3.30752385,0.8268969015,"SVNP",1e-06,200,43
"353",0.14635977575,0.21013902362475,1.213727115,0.25878774383775,0.0139831355,0.37677932625,0.799999995253733,3.3887408041175e-08,1.57775138075e-08,3.62606627475e-09,1.561660935847e-08,0.799999974558397,0.78498575425,0.78498575425,0.78498575425,0.78498575425,0.78498575425,0.78498575425,2.2118633425,0.23092889,3.413091555,1.59759341675,0.047048963,0.52962703175,"SVNP",1e-06,200,44
"354",0.62791509625,1.04720008878388,1.09752372025,0.3042195765,0.70922880425,0.4056236927802,0.800000008849815,2.039891055775e-08,2.21023142875e-09,1.55827359225e-08,9.120614087e-09,0.799999992256287,0.52382919575,0.52382919575,0.52382919575,0.52382919575,0.52382919575,0.52382919575,2.6112867575,0.60223693625,1.1564989295,0.8647736545,1.7100170975,0.42160083325,"SVNP",1e-06,200,45
"355",0.00341177950000005,0.1845296265,0.692184264,0.685636302,0.9032358715,1.8028544125,0.799999972137363,2.1377488203875e-08,1.719705081175e-08,1.3865993446e-08,4.73874202500001e-10,0.80000001161826,0.5035008515,0.5035008515,0.5035008515,0.5035008515,0.5035008515,0.5035008515,0.38551354725,0.00496077575000003,0.436986602,1.0999199425,1.789688905,0.40679031875,"SVNP",1e-06,200,46
"356",0.64348333275,0.02372934033675,0.3039882378785,1.24335936875,0.6311631485,0.717828378714375,0.800000008283038,1.192130299825e-08,1.12303829345e-08,8.6355423065e-09,3.4622520172e-09,0.800000032224481,0.172858721,0.172858721,0.172858721,0.172858721,0.172858721,0.172858721,1.6360899025,0.2822131775,2.89620537625,2.3361302975,0.2399883,0.024819083,"SVNP",1e-06,200,47
"357",0.61973586025,0.2847315874,0.369902098064288,0.890968354,0.14934216,0.0515381510602925,0.799999995111055,2.02025177325e-08,2.383617655935e-08,6.754131286725e-09,3.34519502499999e-10,0.80000000473824,0.79404520025,0.79404520025,0.79404520025,0.79404520025,0.79404520025,0.79404520025,0.8094114755,0.349912644,0.984321147,0.59455201725,0.0141983395,0.05678121975,"SVNP",1e-06,200,48
"358",0.41197652331475,0.30044773725,0.26617454681775,0.336893196325,0.05970758321925,1.0569193460925,0.800000003812464,3.429251002e-09,1.4209114611e-08,8.97245142425e-09,1.1109890974425e-08,0.799999998307953,0.52274848975,0.52274848975,0.52274848975,0.52274848975,0.52274848975,0.52274848975,0.13573162125,0.08425201325,0.45407191275,1.38952688675,0.6124921955,1.5037968565,"SVNP",1e-06,200,49
"359",0.38194877425,0.0573230582499999,1.15604640725,0.488136536235,1.20498647525,0.75298318785,0.800000020583048,4.4366021965e-09,1.238912786925e-08,1.43612286755e-08,1.0122677116e-08,0.800000009755234,0.302520692,0.302520692,0.302520692,0.302520692,0.302520692,0.302520692,0.23036555175,0.97639755325,4.13698442,0.90379733775,0.68371530925,0.7965972785,"SVNP",1e-06,200,50
